0a305082-3e4f-4005-8f6d-2622960eac08, 73796567, -217,106,887,-8,-28,-44
691873bb-a5f2-4ce5-9606-03cd9be2980e, 704473, 143,-18,944,-45,13,-40
cd0696d7-fbc0-47d4-8e82-0a6175567903, 64404314, 775,534,-763,10,-1,12
37bcdf35-e2ee-4bb8-8102-7890f8243f69, 7739, 401,-630,-927,34,10,14
f75d9aa7-16f2-4b68-b308-fe59739878ea, 60006807, -499,50,894,-19,-36,26
a49d0eda-4add-4474-aa6a-b96ff34507ed, 96833907, 79,193,-560,27,-1,38
1e865bad-a88b-4997-b2e5-0f0d1abf74eb, 815164, -544,-232,261,-2,43,14
fb9c8ca5-85cd-4994-bf62-d5fa67157d3d, 18092079, 931,679,879,43,-11,17
9b81e71b-d80f-42d2-96cc-abb1fcd8828d, 12591740, 516,-159,-3,-29,-34,25
141ca91b-167a-4277-a131-e87e6f0843f3, 84497098, -952,853,-891,2,3,42
544eec92-f93b-4e50-bb3f-d210c0827972, 66, 218,972,-213,16,23,-35
945c6576-8465-4840-9a1e-4d1f1049b5ec, 40063969, -361,-478,-186,-43,6,-38
1550bfa1-95c0-4dbf-8858-05902c00ada8, 30580045, -132,106,776,0,-44,-49
dcae89b8-dc84-44ee-87f4-c9e2be40c3fe, 73877091, 32,102,232,43,25,-3
726558ed-0788-4638-80f8-994744b8c240, 22143418, -24,890,945,-27,39,28
97747aa3-9dd7-4639-8f5b-5e3921380d0c, 18563387, 438,681,-425,23,0,-10
6b81d96d-e0ca-4da8-b694-fcc18a46ea47, 10164451, -256,261,466,-28,-23,-21
4e6a2958-6443-4024-96ba-baf24585f0f6, 60400804, 700,894,541,9,30,19
7c787fc3-0901-4316-b2dc-29827d1baf48, 19503183, -624,-716,187,34,41,12
3537871c-929a-4936-a7bd-ee72f4c22ee6, 41472294, 990,586,-396,-14,-30,-16
19a7ed1a-2739-41a3-aa73-78049aad022c, 779215, -536,-342,205,-40,46,5
f5b2ab0c-0529-4d05-9751-88df2c42d566, 8265603, 884,95,-237,46,-47,-44
fd2f54e0-65d1-42cd-8627-9c1f2c75aa62, 20179944, 139,669,487,-47,-39,-29
39452bb7-747d-41c6-8611-65b608e9beaa, 21718168, -83,128,-788,46,45,-16
df2b4393-a9be-4e29-9ab6-75d8e18998b6, 58106740, -151,956,-960,12,-23,12
7354c9cd-338e-449d-ba85-4a2671165e25, 82341198, 885,71,738,29,-10,-43
f440f585-6a47-40f8-8d1e-69388ec2894d, 65688048, -955,119,-883,-38,27,-28
4fd21035-2d0b-4d35-88b7-7fde6475eff0, 81628520, -690,-700,-612,-22,-5,43
de42f8ee-5044-4583-949c-32bcedd4756e, 2022536, -251,-127,-209,44,45,-32
89c3af3c-be4f-4f4d-90d5-8cad0c952855, 4182452, -715,-435,267,9,42,48
d0b09377-4020-4761-82fd-e62f9f664f7c, 77385700, -740,-845,-794,10,28,41
567c51a8-326a-486d-9eab-198742696f03, 1584429, -555,261,-72,-14,26,31
4b3bc6dd-757d-4cbc-b8e5-ce198bb9c4c4, 378731, 449,-776,-724,0,41,-32
b04c7c79-edfc-464a-b12d-0f1123d42a2e, 80646811, 530,339,948,40,-16,41
03d1a7f3-2e21-4839-8175-e9a95df1dd4b, 46398940, 962,-118,-497,15,1,48
2de50573-992f-4ac9-8d70-9f0f397a2c16, 12924915, 417,-651,-279,-23,25,-30
8a9595f6-991a-45dd-a3a6-1193a42ad2be, 46977010, 212,-472,522,43,16,46
26f221db-78b5-492a-a324-a75e25992e71, 2712691, -867,-59,-826,-21,16,22
44faa834-204f-46fa-9ccc-fb19482159ca, 49391148, 468,496,-222,18,8,39
d050f93d-1989-49a5-9f52-c4ad7ce965df, 98443159, 156,-509,-214,-23,-37,-38
8b93f048-38bc-473c-b7a9-52a516e5e3ae, 52195262, -602,-691,578,-29,47,25
92d1c4c3-a89c-49ac-9471-66c0c8a5815c, 19271127, -343,929,123,32,-22,40
328bc217-5900-4d5b-a2d7-9b299845a72a, 35916248, -38,735,402,19,-7,11
1466f6ad-d188-4cf2-b15b-0c4260d714a5, 17458335, -488,827,204,-42,36,10
8f23231c-1107-41ec-be49-9ecdbdc29952, 46080435, -850,-336,350,38,-16,13
19f26cfe-ccc0-43b8-a0bb-2f7ec252f326, 90956833, 761,-214,-272,40,33,15
45281870-9358-4dca-a43c-920af39c8bd8, 27467401, -535,-937,-541,36,-17,-3
b899de68-2bf6-460c-b993-8fb65e1f42a4, 38324492, -504,-365,-932,28,37,-35
ab24f8fc-273a-49ce-b059-ba3e4779821e, 25989858, 593,-19,-195,-21,37,-15
df427887-126f-4ab3-ace5-ac38abd7fa5c, 59441530, -710,-579,-542,-48,-6,-5
27aa943b-18a9-434c-9422-6135fc0f7ea7, 27414754, 346,-465,27,7,8,48
c0370b5c-cd78-4641-ad75-de9d0ca253ee, 39875441, 859,715,-174,-42,-1,-22
7f0a8b6d-e390-4618-ac44-7e80edb40a72, 4395135, 651,224,626,-2,9,-27
6d911c4d-5ae7-46a2-b8d2-b76748e4e8b0, 2894857, -385,-46,917,13,-20,2
e6f2c7bd-123f-42ad-b024-522f992e8cfe, 37203361, 976,82,-891,0,1,-45
35008cf7-268b-444c-aef4-6788faad9600, 263290, -409,-713,873,-7,-33,8
eec5c04e-78d1-4be0-afef-7c373896ec93, 231462, 493,-796,-850,-49,12,-4
b9b3500f-754e-471f-aa07-e0ed492c5c04, 37369333, -7,403,-332,-14,19,0
bdc271c3-53f8-4472-9fd5-2df39c17f463, 142415, -643,551,679,39,46,-22
f0cefbf8-7c9f-4ec2-8aa2-3f429efe26a2, 35968169, -368,-414,-196,21,-7,19
4149e69f-3134-4164-912f-33d9d629d1a6, 939245, -272,-201,837,40,36,26
f1febfc8-f5ae-412f-8bfd-b346370fba38, 12998269, 901,703,580,-26,40,3
5b182789-d053-45be-ae9c-f91b7876b11b, 20448138, 226,619,-525,-21,-45,-27
69de417c-dff9-4725-826c-3c5f835239dc, 36088887, 921,436,-303,38,-11,23
3950cdcf-f6b7-49d5-88d5-dcb01708cb33, 4124817, -93,-764,-602,45,23,-38
d37ade9c-2a58-417c-838e-d2151103ad49, 49240521, -396,266,-394,12,-6,36
2d23c7de-8442-4f3f-bcae-7b0e542b4e23, 613666, -37,-396,284,35,19,-12
93ef73e2-8d59-4dd5-837d-06acc47c9f6a, 67811296, 177,530,845,-30,-47,-16
ddecc006-0931-4e79-82ee-fbf17a231cea, 77070989, 526,44,452,11,-1,-1
8f9d6c44-ff90-4cb5-acfb-b98d2484a80d, 25779468, 269,545,-910,-9,43,47
99ff1d4f-9bf6-42ac-a6e7-77d8a6ca1759, 16632268, -258,622,904,37,-4,-41
51d0f248-3847-4d09-9708-b19faf0e7090, 2445823, 734,-738,101,-16,35,39
2be712db-d87d-4e24-b2af-3a1801e059ea, 79605227, -968,35,797,8,43,10
971658fa-fbb1-4b0a-88c5-33d56eb3a793, 93841742, -337,134,-757,-16,29,11
579e7af7-dce1-4e59-8e07-afb12513acbf, 31173067, 695,-359,-738,-18,7,-40
a9f73211-0734-42ed-9c87-ac5eeccbe681, 16586010, -605,-973,-604,-42,19,7
e62c4518-78f9-4ee9-8388-5d64a45c6aa6, 2512952, 541,-358,45,-42,-23,43
363645a2-2c8d-441c-ab34-20848dc827b4, 21548968, 545,-797,909,16,-18,2
be3631c8-8cf8-4a0f-9c6d-606a8a2f0336, 61213632, 741,787,-754,12,38,25
7d179aaf-eec4-4b65-bb9e-c1f5c19ba2eb, 4743575, 747,172,-21,-20,45,-12
d3e22ac5-8677-4105-9b66-fe4631cfa4c8, 42141331, 841,-640,-469,15,-19,20
f7655ccd-d8ab-404a-bdb7-cd597436ce7f, 32264896, 131,154,-841,28,-45,5
58c152ff-8cfa-4b64-bf80-c7c2a6f1ceb4, 7190757, -315,-84,551,29,45,5
ca91bb3c-f455-4443-bb51-5fb11b309660, 73259044, 797,-226,145,-12,-18,-1
7abbf99f-a18e-481d-ad62-ca7c0399ba89, 8116, 711,651,-443,-22,0,37
aeba4773-8dbc-489e-b144-e732008ac165, 3926, 238,215,295,-3,47,45
bf8677e9-8591-4cb3-a418-b0f10e8e3d3a, 9512434, -176,17,-322,27,42,-16
61b9d764-539f-4cb6-8767-49c9cceea194, 40917658, -250,-746,-710,47,42,-20
01c7acd8-5460-417b-a0c9-37471f76e04b, 29549051, -591,-956,-896,-25,18,21
fa6f2131-bd53-459a-8f87-b5cce1d76bcd, 51254431, -720,-726,173,-44,2,33
c911c649-f35e-4877-ae32-66d37f3a48f2, 17082654, 430,782,77,22,43,-50
d492f3a4-300f-4473-83c5-e282d707d721, 8870127, 673,977,717,-34,-17,49
d4be7762-c82e-4177-8e5b-8f1c0b3f19f1, 51684625, -343,983,913,34,40,-28
46949310-01c5-4851-b5db-ebd5f41ed876, 91178143, -703,455,-754,-15,4,-46
a2cb1c6d-ba70-4b3b-b5f4-dd430779effa, 95465709, 905,-301,-10,-1,-23,46
f5d346d6-fcba-4348-b773-c9713fcd9f28, 74632869, 448,131,494,43,3,47
78a2f33f-9d42-4b12-aa57-f8385f86733e, 47686487, -85,899,672,-26,6,-12
6be907e4-76fe-49f7-a375-fc71c5d481d3, 5497299, 463,-411,447,14,39,-44
e1b34336-37a9-4aee-869e-9807f333e6a7, 7311104, 18,-948,-847,31,-4,10
47bdb4aa-729c-4ed7-9f77-cd3faa2bea81, 62035359, -647,993,570,6,-40,27
639aa42f-8092-465c-a577-aaf9bbec23fc, 14003161, -527,-986,-471,18,16,3
5fc54c09-c98b-4a6e-82de-d21bc53a0c4f, 2775739, 661,-765,639,-44,-16,-40
f88bc511-393c-46ab-8539-beb2d6779d8d, 73598858, 607,-584,-995,-27,28,-42
5829f3cf-76a6-491c-a481-b6e1ed1da0f7, 8926023, 560,-585,-257,11,1,-19
0ba8c57e-8794-440b-93ef-2c6641362247, 225634, -29,-340,905,26,8,29
9b4b0c84-396a-4b4e-9d28-9eb0bcd2432b, 48399808, 601,-781,-798,28,-26,-27
c12a1db0-b909-4094-a080-e46ab3127228, 10409589, -973,-687,413,-6,35,23
243eba0d-a6ca-414b-b10e-92a31173f67f, 1843095, -81,-764,-128,-27,-7,-16
2ce84cd2-b9cb-4cb9-b854-3f81a4fcc38b, 60462348, -782,644,211,-40,-9,14
a219707f-454c-45ce-bfed-516bbcc5da53, 6658052, -974,402,-998,-37,46,4
1015f185-357b-4612-b46e-8e9ab325b2b6, 24941188, -230,560,-605,-7,-31,31
ea3e05b0-16c9-4d5b-bddc-a3929ce8af11, 12749729, -138,199,335,14,-30,4
4a46bd77-d975-4a11-a635-b998f72b1cf6, 181333, -452,933,667,47,-12,38
82c63ed1-5737-4152-b376-fd6361453e6d, 11754105, -646,138,707,44,37,8
1f2c0bf5-bde6-477f-9885-e01640fb1736, 1094075, -717,-888,364,-16,12,-15
f14ecc7b-c514-4d10-ac9f-96e278f726e6, 8077, -493,-683,-925,13,-7,-30
55442da8-8d84-4949-bf4e-17738b9d6923, 15320217, -1000,568,-933,21,-50,48
bf13c8d0-54cd-47bb-942d-74fa5398ba59, 19231479, 231,-874,87,48,28,-30
91889ab0-aa5c-4b1c-8299-12eb2785f4b8, 45995475, 168,229,-715,20,33,49
c502b42d-1c05-4e66-b972-ba7d18858ef5, 74687137, 432,207,613,7,11,-14
703fdcb1-e11a-4435-8605-0a02761fdd99, 37835393, 920,215,-824,-32,21,33
b58b04c1-ec3e-4c34-a923-23d1e645d728, 88662257, 363,225,36,25,36,-13
6912afe6-d2b2-47a7-8868-119fb60cb9a6, 210575, 636,-498,-10,42,-49,11
827c11a7-09c5-4314-8b02-e2a877b9bb36, 50096291, -52,815,855,-49,-1,-28
51767872-1da6-49c8-b64c-0ee2f5abdd2a, 41057665, -14,569,-530,-17,39,46
427900f1-853a-429a-8a0b-ab704aa9d5b7, 8388533, -764,285,595,1,0,-26
83000731-519c-4e47-8f1a-77e759d81487, 35140370, 904,815,376,-27,0,13
d11f7d52-3380-4ddb-a01c-19067ce27c50, 99964309, 243,749,-325,-5,40,30
81b3a194-547d-405f-925b-e19abf02357b, 21917033, -788,-646,-681,-8,-11,-12
c4ca25d7-dde5-4675-bb4a-093825c6524d, 57824018, 277,966,-555,-43,35,-30
e253f7a4-e631-4b67-b36f-2db0538225d4, 33999567, 251,-476,712,10,49,-17
0bed739c-9b63-4a5a-bc4b-5a4122ba0206, 48704156, -683,30,775,25,-46,-34
8cc4b5d2-6c0e-4b49-89bf-2999ccc8c170, 31494127, 755,490,10,-18,39,22
faa6dd02-ce72-4430-a1ba-dc4d7f4e4ac0, 6191206, -631,-56,-460,42,-21,-2
e7a80616-2d7c-479f-929d-f32941027c63, 83486315, -742,534,994,0,-43,34
aee069ea-a2a4-4207-a6bb-8758dbbb156a, 14959622, 130,-730,459,6,14,-37
785c0da8-dc8c-45b4-b384-f5c75773ae1e, 54576737, 8,-487,774,-38,-27,-11
d8eb687e-86f9-47ab-9cab-a7294e759078, 99188719, -941,442,727,41,-45,42
82912d32-0787-468c-985c-c1d282557c21, 48719146, -668,8,-573,-43,-6,-45
e8da6364-7f44-407c-bab9-b5bbcec65834, 12632539, -206,506,-878,-35,-11,-32
616a136e-5cb9-4198-9539-b1132da576b8, 7664475, 308,967,-485,-5,-14,-23
48a741f6-851b-4d77-ab1f-f1c66c140d5b, 4687204, 83,-834,451,4,-21,-5
4e41303f-cc83-4c80-a04e-eeacf363c350, 3620247, 74,546,-60,9,-41,-28
39ab3fa1-ceb1-40f5-b3c1-e3db3f513d09, 548177, -864,-624,-152,-43,22,-33
cf4fff3c-af39-4715-90a5-009d7bca0812, 51832355, 479,481,-751,-12,-5,-16
74a19458-dc5b-4f6f-8bd6-02ff215720ba, 8177125, 970,-707,384,-14,-6,-43
32e1f40f-f18d-4b38-ab02-27dda46a451a, 64251344, 662,399,295,17,28,-24
a122f1fd-d4b1-4756-a326-108e38c86c7a, 90164960, -20,-202,-281,0,-7,46
108971e0-2b87-44ca-a5ca-1bb195261bd0, 9507773, -573,-315,343,9,-48,2
9185088f-d9ff-4bd9-a959-87bdc7d47fbc, 81339317, -972,-366,302,28,39,-31
e4126e03-13b4-4f41-89a5-8497dfdfe126, 6960360, 28,536,5,26,48,3
53d0439a-5c93-414e-8dea-d1db45695494, 50307441, 666,978,-569,-39,44,6
83bf2bb7-d2a2-4ce4-8847-e3afab97d2df, 2662396, 958,-779,380,44,45,-23
f359e8e4-c831-4dc3-babe-ba0fecf990e1, 4447004, 196,-206,518,35,37,-16
5a04861d-77ef-477f-ba74-b1301d65e8df, 7869960, 784,-150,845,-49,-46,-7
09b681b3-725d-495c-9434-473596781523, 17445322, -302,812,-613,-5,-49,44
536b1a8d-77ec-493d-88f0-a5d4a1b6ef50, 59204282, -451,-273,-197,-16,42,35
fd93d815-5119-48d9-bd87-b94d9895aee1, 58692335, 269,803,-847,11,-17,-24
0552f0c4-28c5-4a3c-a33d-aaacdad95ca2, 17328177, -659,891,614,-49,-38,-44
67825ade-9c54-4bde-a9f3-4e117cd516c5, 2423707, 456,-129,332,-6,25,36
6765b965-b33f-4888-964b-652f1bdaab4d, 4733480, 718,951,-253,-11,48,-10
258a7e8e-0779-4469-9fc5-56d8adfb15c4, 7877814, 270,-448,514,-10,-28,14
30aafb02-aa2d-468d-8c7b-a19c12826caf, 2672390, 403,-614,-839,31,-18,46
ece6ad8b-4d37-4925-a498-b29e339394fc, 7722945, 548,-420,-447,8,44,34
df010246-c303-41e3-b36e-8fb2f98a4f9a, 169, 750,-128,-541,-27,-28,37
423b3e7b-4bbc-4873-a2a4-d9bab3aed15e, 543332, 821,249,-659,33,28,28
052ffcf4-b249-4b0b-80cf-e3542cc39f40, 63994909, -186,-306,899,-34,13,41
90165ac5-f665-4a77-b709-9203f1991e9b, 4152287, 926,-691,208,-31,-23,5
741e5298-e446-4edf-9e9f-ee2e4baac960, 53933834, -340,-977,-745,3,42,16
ab1e2cf9-49b3-4edc-8d8f-2c368b2cf3fc, 30979323, 631,516,-2,-4,-26,42
00a22a21-fb54-43b0-bd5f-e08a5a5e9921, 48889427, -198,83,-317,-37,4,3
022f8206-236b-4076-a28c-a2260d1638f7, 44487868, -868,145,276,-3,27,8
99024a17-aaf0-4946-9f14-6e75f9c2df9d, 367525, 444,709,239,-12,19,25
4f5d768c-8512-4dee-a08c-d517025c0d7c, 89379095, -229,-654,-867,27,45,-2
3f4c11fc-1b04-4ae1-99e4-388a2f0686da, 2746143, -372,-867,-618,-28,22,-5
5c6bea56-c7bc-4e42-919f-bc1633208965, 43857425, -969,151,-298,29,-39,39
0a801432-ee4c-4b5b-aa56-b55976c68d11, 36591061, -808,240,-316,-41,38,-26
f946feef-891f-477d-9852-2ae92bea7349, 9795, 107,778,25,-24,-35,-39
3f8a0d85-40c0-4321-b676-ea5bae6d4069, 19637846, 454,219,52,40,-3,-39
55ea7d71-7b1c-44c0-9c20-a208156a69fa, 84119019, -853,183,-730,-30,-46,-35
379fe2d1-e488-453a-88ee-e59b9742dffd, 36368677, -529,-114,-538,-33,44,-46
5b72a0a4-335d-4f99-8f12-eb05b48142f4, 71350232, 81,-543,355,-6,1,-1
106b81cb-42ae-4f45-ad91-42385ce5d833, 33041896, 5,25,-192,-1,-22,3
25b7e6d7-8f37-4997-bac5-cbca641c9e76, 40977480, 754,692,-429,-32,38,12
2a565699-4910-4bf0-be8c-3a3d0dce4d2d, 58010950, 334,-185,696,-34,19,-43
e4ee1e6a-de8e-466c-a42e-630ece0d869f, 25569945, -417,-69,350,-42,-7,-31
7e86fe77-9edc-4de1-88dd-afb2a3f471ff, 907580, -205,-673,42,-23,31,10
eecab86f-cb80-468c-899b-c47ac262a70c, 52179871, -541,-774,-169,2,1,4
1727078c-27cf-4d03-be8d-b9e799300413, 2208037, -288,-219,-228,-16,-35,-1
720256c4-b4a3-466b-a948-b01e5d759787, 13851842, -781,-592,383,37,-34,-41
17496437-f451-48ca-9a94-45aa8e0dfb16, 8167086, 674,-412,549,9,18,-37
13745913-adb8-49c9-a56f-28f85e3c4da3, 1569401, 651,778,-327,-2,36,34
cc337fc9-d0eb-4fa9-a7b6-e3952e091e29, 20577887, -894,-570,904,2,-38,-36
274f8932-dc23-494b-910a-7457bc740b42, 97164850, 363,127,-650,28,33,-3
57e1386c-6343-4c5e-be24-8d9f6ee2e1b6, 84398184, -377,-644,876,13,-17,0
606026f8-2ab8-4086-a6a1-81d9be866302, 177448, -345,-290,-388,36,24,-40
c3e53f7e-d4d5-4298-a602-592c06f61562, 65492761, -438,-476,829,-2,-32,-43
e7ba8458-41bc-4a12-b7b5-30eac2810b77, 16115448, -20,-48,-161,-19,-47,39
b2426f9c-f625-468e-a149-ba6144888933, 4435429, 268,129,651,24,15,49
3fafb40b-6c57-4c08-98e6-c8927d19a23a, 42350698, 873,-595,-612,49,24,28
c8b6b23f-a36d-41e2-a7ee-cb26563692a6, 35241893, 879,746,-39,-37,9,-43
913cc801-28e7-4080-89e5-fa4d568e5fe6, 92638556, -896,-519,-306,31,-29,15
b1d549ff-5052-4e82-8f92-eb033f64d00c, 67921768, 515,-449,736,26,-10,-10
c5b5dace-b14f-4012-83eb-26e1b601aca9, 5231767, -624,347,-506,-12,31,-28
be12804d-cd30-4b2d-88fa-66a6181986bf, 22927735, -609,-703,716,39,29,38
a544da88-af1e-46f5-82a2-83b6de488d83, 78606432, -538,-834,169,39,6,-34
a0e58a27-6d08-48cb-8ebb-0c13038a5db5, 99226510, 187,-817,791,48,28,38
e4ee269f-d72a-458c-ba21-a0c7d54b5f6c, 11895043, -549,895,722,41,-18,-45
86f6767b-761e-421f-8a98-d81fe8e7bf68, 4386735, 713,4,-83,7,11,41
e432e976-16b7-44c5-832b-b4be06dd18c6, 53890, -309,-762,42,-1,21,26
ecca9a4c-3416-4f4f-a208-9321fb6d73e1, 6643427, -451,795,-828,-26,48,41
0563a942-a9e6-4c05-97b1-613b3e1204b3, 8199487, -548,-482,-561,17,20,-2
9069ec22-d3a6-445d-93f9-ebb64e5452cb, 86407126, 4,104,548,49,47,-19
966c509d-2949-48e6-930b-550af6312e3b, 23342671, -857,-862,-66,-19,7,-15
7fef4410-525a-42c5-86f0-0e6b3a44da58, 38810500, -570,-891,-787,-2,-32,42
0da7ec69-742e-497a-8458-1b14c73c7ee6, 88443309, -920,-997,-36,46,-34,-35
b5977995-81c9-4877-8bc2-eaa250a6ebe4, 37134178, 591,-859,-528,27,42,-15
6d88610b-40a7-4b19-bb86-068994679d5c, 7438596, -32,-970,110,44,-46,-48
0df1b4d6-0051-4780-8f1b-db1a4afc6056, 5578133, -815,309,643,10,-35,10
2175469b-3a0b-411a-a7e1-fe4d042e1a67, 57555202, -255,147,11,-25,-47,27
84e8c920-70b1-4f76-a7d5-4d357b1715b5, 5720849, -651,86,-531,-27,4,-37
898f5a6d-6e18-4fa1-9fed-22f7b42fc983, 54717937, 897,477,-568,40,6,45
dddb3a7b-78ee-43a2-a1b4-b69794c60a5e, 13281219, -475,-206,-1,39,19,20
9567241c-a1b6-4529-b7cf-dd9d9609aeb6, 1179403, 762,107,-776,8,-42,28
24e4245b-5adf-4c2e-a8da-818b9463b4b2, 13246572, -319,-33,-139,23,-21,-23
c0a2d7a7-3593-4f68-8eb5-c35999753fc0, 82100206, 805,875,923,-37,-19,24
8cc835b7-b773-4a52-8f25-71b3a128ac83, 6627680, -260,-328,-534,38,18,-11
0a97e369-aa57-4f33-83ba-60ea413de465, 55718991, -215,233,-281,-14,-38,-46
6a4b6b81-1008-479d-aa13-6d82c8aa07e3, 46878306, -910,891,60,-13,-40,43
7cf23385-bb26-4197-90d5-e1af47f05f16, 95691942, -416,909,-967,-35,-50,27
f0313466-31bf-408d-ad13-75a918be8ece, 33106555, -140,283,445,-17,-7,44
c90b4d62-723b-447a-b50a-e99fd12118cd, 87190986, -405,840,862,-13,24,-28
0e478524-2b91-4de2-867f-e6643403036b, 1624637, 976,385,-103,15,-28,-19
e6385746-e6c3-4e91-bf71-b3516185095f, 78194, 676,763,-136,-47,45,4
c9331ab6-e9ab-4f0c-a7b1-1e7b2f5f5868, 64163288, -387,-305,-357,30,6,6
a6fbc3dd-83b1-4ecd-a480-8ec95c505897, 249163, 446,516,-349,-35,-46,34
dc7d6079-211f-45ca-acb5-70cc78864694, 2068838, 285,547,109,-21,17,38
d06a08fe-c851-4c39-b09b-bc2682fadc2d, 10574738, -987,-965,229,-7,46,-6
091ded74-2368-42c7-8e9f-acc83c6f56f2, 72783169, -701,342,532,-22,-15,37
5154aef7-9cc4-4501-b17c-bd4c04ba5fb0, 10221407, -937,264,-444,-21,27,42
8afcd447-1f54-4214-bf5d-7ea8a6ad79aa, 57537130, -350,-426,267,33,-12,14
0b24aa65-18ef-44a8-9cc8-5c47abd22a84, 69327078, 569,-338,12,-2,-10,47
f8882b31-65f9-4730-8db4-9be8e83a09bf, 28972572, 994,396,-958,-33,-4,37
235307ec-a5e4-4eec-abc7-6e781a6689d8, 86478, 223,52,-9,24,-35,-11
1e6473ee-1070-41f8-a98b-9af28fe9e434, 48902003, 908,-985,-705,-17,47,34
2992c6c1-2822-410a-ac64-5b2534e02383, 32789529, -395,-944,-983,-30,-21,45
ca264ec0-ef3b-48da-9334-e593374bfde3, 22946054, 812,-456,496,-24,-16,43
af939315-45c6-4ef9-abbf-88f45dc81567, 49166982, 343,-200,232,-44,6,38
0a5ecad1-e752-4fc3-9bd8-aa7602302af0, 29149637, -542,791,-55,17,29,44
a0a551e2-08e3-4bcd-a8db-e224356c5884, 5575156, -699,618,230,36,46,-28
14575637-943e-44bf-a968-2fd647087cdd, 71359909, -445,501,-152,-14,32,-28
e5401952-ac04-4329-9b07-d1107cbe702f, 417807, 912,-11,-502,-31,26,39
da9ef9f7-323a-47ad-babc-aa72ea51a6ce, 4629913, 647,600,21,35,46,4
065161d7-d099-46c4-b722-3f2971e22fd3, 77573598, 104,-35,741,15,-35,-16
08010d5f-19cf-45be-a1f6-8beeb6b77bfb, 37921837, -123,-372,95,14,-25,-30
568f7630-d1a8-4f25-9eea-ebeebbc16bf9, 43547855, 462,470,335,26,-7,-10
336725e4-160a-45bb-8410-28b2acc58e84, 4537637, 796,56,-532,49,3,-34
4de16a58-464f-4f0f-ae67-3ff5d9441f81, 47124470, 843,-753,868,19,41,40
2384ebec-8a4d-4e22-a2c9-0ca7389c4c14, 7976856, 168,453,-818,-38,27,25
3af64636-734d-4399-89ef-392bc940ba4c, 16759352, 852,426,-988,-11,-7,48
f9288881-ed10-4c44-b7ee-f16a86f287b1, 50795, 11,-374,678,26,-10,5
395f2f40-3ba3-405e-a7f8-8e8acd47ed7f, 9546663, 635,395,-568,14,-32,11
a92d512b-2276-422b-8c0b-66eb95c382a9, 55269727, -459,498,-748,-26,16,-44
f77cb59e-72af-4d7f-8c67-ba0ad5a75eab, 776463, 498,-38,975,-25,-21,39
14958c12-4343-4bc7-a7a3-328967e9bd62, 7018588, 972,-960,757,43,11,-8
e3f5eff9-6a3a-4106-aa5e-bfe881fe7f1d, 66121009, -690,146,614,-20,31,-6
566235d7-3cd7-4dcd-85c8-82abc316b6e8, 82504461, 614,486,309,45,-2,-17
d1c4b7e8-b514-4d2d-8ab0-2f4a8d10d357, 12388687, -425,-134,339,15,5,-12
a9cecf41-a790-46be-883f-b7398d439235, 2456079, 162,-512,65,18,25,-15
c07f5202-4fbb-41db-8b59-ded344775982, 45493414, -405,293,-892,16,-37,29
c180ec60-d89a-4ed6-8bf2-aa5c07854b55, 14330, 707,-775,499,15,43,26
c24ebb37-4925-4e9c-87f4-8dd5df219caa, 284742, -512,-91,-307,0,-10,-22
55458c16-a4e8-4b0d-b597-e8e55b016b53, 48849315, -849,-430,917,12,-50,24
97aa0ab4-010a-4a9c-b2ae-8cb61976b678, 18579861, 145,-524,666,-20,10,6
8f4ef24c-3ab7-4e59-8fa4-8deb46980031, 16194394, -165,-389,-727,-32,-5,39
99179a38-13c7-4918-9cb4-658f4a7e1592, 73138975, 879,130,275,13,-1,-11
63255202-828c-4982-bfe2-748a25470c99, 20839016, -546,493,52,-47,-47,-5
37cd12cb-ed8b-4bd1-95fb-c6cd87466e14, 15968290, 453,437,832,-38,-32,19
ae42164b-4a55-455a-8347-d1cf4df84014, 15859128, 701,-103,-618,-42,-49,13
a246a289-e009-41d9-af46-148e01b510be, 93560064, 486,-724,-604,31,42,39
3a2409d6-f0e0-4097-b98b-4f3f436fef85, 28386206, 338,-579,897,-29,-19,-36
b34a32ca-1b4f-47ed-880a-6f57aeb35dfb, 59886096, -804,-729,493,15,8,-18
da80979f-83e7-4e54-bbf8-012e3fea20ca, 2986118, -754,211,-290,-42,26,-30
1b3c1166-cf4b-402b-af42-fc4c9128139c, 26850154, -901,133,770,35,4,-30
a50d2f8d-9309-4b85-8973-638af1467332, 69504703, 509,158,679,29,24,-14
42ca9a02-f621-4816-a9d6-535cdead8a51, 1796072, 45,196,346,-24,-13,40
11c3cd3f-b9ca-47ba-96f1-0c19b243f2ee, 18799119, 630,-916,-449,6,-10,-4
bbeb99a7-5617-4afe-9e8c-7ac30373d528, 55596767, 586,880,-974,40,27,12
4f6e01e3-dc97-4e03-bde2-c1a8fef13346, 79806430, -709,-433,283,9,-46,-21
c369d640-a5d2-4b85-8940-aed9e9ed295a, 199128, -423,-655,-586,8,45,-22
c5083c51-d570-4a70-a604-55e33852245e, 94315757, 807,-89,-447,11,-40,-31
2a6ae05f-6725-4add-ad6f-bb5cd81b8692, 35601904, 93,777,-213,26,11,-50
ce07a9c8-1a54-4400-a273-1d5add8957b5, 34250865, -970,525,-956,-9,18,47
1f2078e2-395f-4390-b90f-b0ddaef39ca0, 48932828, -503,760,858,-36,-10,-20
13b942a8-df7d-4475-82c4-d187f036e851, 538543, -306,430,-507,-25,0,-42
e9ce6e81-18be-438d-94e7-51cc07478d6e, 76501170, 334,-511,288,1,36,-46
b8c0fd31-851b-4af4-9b36-9b23a775aad8, 23509010, -4,-371,722,-4,36,40
bae600ba-7d92-49fd-8636-775972f468e3, 5657994, -680,-159,-432,21,8,-32
38b73207-e888-494a-9a6d-69435930e342, 15792395, -866,-501,-640,40,-14,-39
043ed110-d17a-4f4c-a66f-8e9b3bc35ed0, 57075772, -722,-603,-619,-28,20,-3
1eee434d-60e0-42d6-bd9c-44c8d935075e, 13796390, -794,-491,-646,5,39,-49
e0988452-027b-45f1-993f-e5001351bf2b, 9756786, -416,140,-970,22,-50,-42
4360a494-511d-40f4-b6c6-265e651b78f6, 912737, 897,-545,-550,-23,-27,-8
20515e56-c48c-4010-832c-162457da56ab, 14850973, -963,968,321,-27,23,-6
acfdbe9f-4200-4b74-8fe4-99aedbb0e89f, 2405072, 702,-536,-726,45,-33,-10
5923d326-37c6-4da2-9c48-af4308818084, 77221097, -761,57,-409,9,-2,-26
408d327d-9993-475c-84af-ccd15ddd1330, 92428431, 455,-241,-170,-23,-45,-19
f37437fa-3e2d-4188-b368-ebafacce0a0e, 49246094, -931,-552,880,-48,-50,-43
2950596c-aef6-46fd-ab3b-a1187961dbb8, 19613718, 401,-205,-146,5,1,42
68bd238b-783a-43f3-a63a-42b365347b24, 83758, 64,-529,-723,-25,43,25
5103f535-543a-4735-b8ca-7b527297d475, 70764015, -736,-650,417,-49,-47,45
0953fddf-3204-4eae-a0fa-b31164c7b864, 37660813, 20,825,494,-36,-41,14
69cef9e6-ffb5-41a5-a93d-38e066c72e42, 32581050, -816,-95,-142,-50,24,46
b1bd94d5-93b3-4fcb-8f06-02e23cc0ef69, 49031011, -710,-723,-604,-13,44,6
29271bff-9762-4bac-98d3-586f0db093cf, 3692570, 8,240,-100,-44,36,9
5f358f79-ef47-49dd-af5d-31ceac6d32b9, 2093882, 681,334,-179,-33,-11,-8
c8266b9a-16a4-4f4c-8ee8-683dbdf2086b, 25601521, -879,-208,618,-14,-14,6
200c4e18-c999-42d0-9266-cac23c2acf1a, 4329778, -394,-289,-534,42,38,-44
e5458408-1094-49b7-8971-e4eea8bb2b5e, 1733698, -967,625,877,-10,24,-41
9f9434e3-0490-4505-9ae9-327f67f92f2f, 1930201, -641,484,855,-23,-45,-25
20a13488-4fe2-4e25-be07-e0191273a0a9, 27081186, 659,238,-382,-49,-6,35
01cdeb06-15f0-4274-8e5e-e51e608f2ca4, 35318739, 309,-88,-656,-28,46,31
d8b4ef65-e1b7-4a67-8636-16a0e5970845, 1606804, -409,670,224,-28,29,-4
89f17ba5-31a7-4a0e-a210-1d229264ff65, 46799569, 464,868,-794,7,-2,-39
4229c067-a084-4859-b28f-304a28972412, 32502418, 109,17,-878,5,3,0
ce1da025-95a4-4bd9-826f-daaf7f70e7a5, 97354186, -597,580,597,32,10,40
e41659af-0e7f-4b83-86b7-be6aea62b2ef, 2203648, -584,765,775,-49,-27,26
b8916fb1-c891-44e5-bc0c-e47ffa75ccea, 28695152, -81,513,-23,19,32,13
cd6f88af-132c-431f-838e-6d827a4e8f35, 22059001, -19,-559,-923,-17,22,-5
ad0e3f76-ff7a-4309-93f7-b117799de23e, 81739513, 558,743,-473,15,-42,21
d4c0eb7a-e4a5-42cd-93cd-b4ef733c0f03, 62067068, 786,-443,-75,49,-17,-6
53e0822e-492e-4e58-ad81-e69cb08dd06b, 1566582, -560,-867,-828,17,8,12
242ea9dc-be69-4a0f-a1d0-a04cf932c3f8, 39942525, -543,77,694,-41,-36,-7
262ac775-0e9c-41a9-ab99-672714fa4bb4, 2476255, -960,-50,-193,-44,-21,5
dbac7130-d4e2-483a-99df-f97468e43ff6, 59062428, 938,794,845,-3,45,-25
7b78d5c7-b7c5-44ae-a338-ce4de7427c8b, 44218442, -569,-124,-322,23,19,38
6c875dbb-a3a6-462a-8a8f-096a09924afb, 173251, 997,-394,-872,24,38,-3
9ef77e49-af4a-4f1c-9c9b-cdf2120811e4, 39875437, -510,289,517,-44,-18,38
7152c099-18b1-43c4-9345-60d60f4945b3, 1257751, -59,-655,12,-22,-42,11
48cb07b5-1bf3-4074-a658-3fc70076f16b, 29335, -718,-627,-413,-37,44,35
b6e4769d-1be1-4673-b2e3-4a500174c3a0, 40298832, -29,859,711,40,-5,31
b9b19f05-a88a-44b5-9766-b018b5ad489e, 243071, -465,457,-659,-49,-11,11
3bbf9fec-831d-401e-9f9e-90d0071a27eb, 1631376, 432,-265,665,-11,-11,3
9513553b-94f6-41c7-acd4-ea8dca5908f3, 1873130, 965,-137,396,-40,-32,25
0ecbed3b-1ac0-4c12-9498-bb9ce3a0953f, 40852163, 739,-631,-522,-39,-17,-44
18f1ff04-c505-4f48-90ad-d67cdd18fa55, 10365059, -875,688,-346,19,38,46
c03e70d1-d066-45ee-b85d-bdff7803a34d, 927309, 861,208,-689,-3,-24,-15
aee61226-d7b7-4344-8461-daeb814c5464, 1941469, -446,788,270,-32,4,-10
afc12337-090e-423a-922d-cc0b78757b87, 61289947, -705,-557,-754,40,-40,-34
a32199e7-c79d-46b6-b2ba-186130047947, 65472033, 598,-520,116,-46,-27,33
3c0f83a7-d6f1-487b-8e31-91bc8d0a46ff, 1730, 500,-832,966,48,-26,-44
15761da5-fcd4-4429-976b-6ce8bd15beed, 96663708, 284,123,-278,19,-40,2
55413639-a313-4a45-8c6e-89c4deb82732, 66815408, 675,-761,-872,4,34,46
7d2633c9-9c26-4c41-a436-ce7fbc2d2073, 84218403, 266,626,195,-28,23,-20
03ca1f71-a145-45ae-b80c-afa9be372694, 7332254, -440,-79,846,28,-1,-36
a45d997e-3c54-4a65-b1da-2ea33af4a32b, 2458072, -737,-704,-637,-41,-47,38
ec0b0ec6-d858-4b08-bdd5-0957acc9fb47, 72714769, 228,-909,-979,-32,-36,6
416d200f-4e1c-410a-bf10-c39c79852c81, 19210466, 771,628,-175,-20,32,-8
101486ea-75cb-4290-96ec-abd2d92ea3be, 10604760, -513,352,814,-38,-42,37
4a36641a-0fa2-447a-8c8f-77b82ad7c1a9, 683687, -693,924,-665,4,7,-48
4e1c8e90-e07f-4cbe-bd13-08aefc348d5f, 14409325, -331,143,563,-37,-19,2
dcf792e0-2b7b-4c0a-8670-d5adb8e3769d, 1201327, -621,-855,835,47,24,46
22a82c76-b170-4ccd-bba7-527b82c8cea6, 88943738, -954,-299,-186,30,-35,-21
0e1d55d5-f3df-4954-8bdc-306ea4942093, 74856832, 20,-964,468,-36,-34,12
4810169a-9d1d-4a87-9a96-0050213e2bd3, 3609089, -53,-199,-471,-43,-4,32
ef0ae41a-9630-498c-9eb3-8899cf61fae1, 666953, -206,-479,243,-38,49,3
7be97304-f5be-4209-9efa-499e42eec11d, 21378629, 666,120,177,-5,3,0
51e5966b-e665-42c3-8040-e8c289bc8a5d, 23352767, -513,386,690,-3,21,-43
e81cbd9a-6817-4919-8b9c-e7eb6f4fd6a6, 669112, 582,260,-760,44,-46,-33
99ed8fac-f78c-47cc-896b-9354f0d8dbb1, 66897516, -386,-161,881,20,-20,-50
98214587-4778-4295-9521-2de44661116e, 22006372, 958,-206,121,49,-36,24
55302359-be25-4e6b-a6ac-2eef69d6f452, 90971381, 530,-169,79,-37,-37,-38
0a364adc-7a68-44b7-acf3-22f813d8998b, 42667428, 480,-781,-873,-46,0,22
e03d17d5-dc5c-4822-a868-59d27acbf9b3, 1512355, -243,-968,-985,0,47,-25
db1d077f-dd52-4ac4-bd43-1e65b5b53f09, 35965015, -38,-144,-181,21,-3,23
d2f48f5c-381e-48e2-90ab-b66b6ece5e2e, 47274512, -157,842,-699,5,19,-49
4ce641ae-e78e-4b0c-95f4-641666a423c0, 17351663, 657,869,-867,-35,-47,-43
2cf5f20f-41c3-4419-8913-5b7426df72ee, 59937144, 299,-867,107,-22,43,20
f34e4e2d-9aee-4b98-b351-80b369d0a507, 51372305, -317,-679,-853,38,-22,3
d4f7e58a-51f0-4659-9934-143f6a2d3432, 5411166, 307,-542,848,-33,-13,8
259ba808-6e55-42e7-9393-a38a61656e2f, 90925318, -318,273,214,-13,-36,-16
de5bdb02-17fc-4e50-95f1-826c82942854, 4323999, 146,-134,-306,-35,-13,4
0b5a2ef3-482d-4083-aed0-a74b07c39c3b, 29581733, -199,589,445,47,48,39
2c822391-eeb7-485f-bf3e-89b90f993a78, 18454951, 163,-265,-892,-48,-28,29
b4400695-d88f-4b39-bd0f-371f2733207e, 14372480, 331,835,914,17,25,39
430f8397-28be-4fb4-a743-b0bad481fcf5, 7466940, -596,-199,704,-36,19,44
4e790073-59ab-4809-b9ed-3d9399163289, 31543366, -86,479,-35,-20,-16,-19
1fdf8ee0-b984-4a47-b9b8-03290848b268, 1232988, 281,660,941,-24,18,36
d49743c6-6fe3-48b3-8dc1-65013661ce00, 59133715, -352,965,-721,17,45,27
cba81fe2-8e20-448c-b81c-fcf1e289a3f6, 62394407, 564,-836,-649,17,-26,30
c2cdd8bf-de26-4d8c-a589-0a05efacd98b, 3075615, -181,-437,931,-6,25,-40
40a6c8ae-1428-490d-a063-035bfc49b984, 75992879, 262,498,399,28,-16,-19
5bdc9bbc-924c-45bd-8e16-f39aec7a7540, 1601452, 442,-895,-181,0,-2,-37
451b0a10-7f94-4274-9f2f-9d283c49523f, 43633396, 640,-742,-963,20,-31,10
073685d9-7bc9-474b-81fb-ee1633572a51, 58244493, -868,804,831,-2,-44,-29
ae274477-6d1c-4477-ba2e-ce9b563ab9a2, 9936327, -823,-917,-742,44,-29,-45
2420d1a0-59a1-4c65-802f-fe63f9ca1e65, 7197290, -435,111,-795,-29,-2,38
411fad4f-4856-4cc4-ad38-012f631b471f, 47928461, 287,-816,-877,20,-22,9
c8077033-2cf4-4a6f-9bc5-52ff970fe9fb, 864699, -532,-237,47,-8,39,32
29bcd706-1d1d-41c8-bb1e-b7f2fd08ee9e, 6482353, 596,304,515,5,-38,30
28005fd0-c555-4b29-a973-f0dc236c4e5d, 25849704, -606,231,179,-45,10,-35
1f11e6b1-045f-40c8-a649-948b6d9ebf03, 31203938, -917,-409,-17,-8,1,-39
ab9b29bf-1724-481a-863a-b04b8a3dd723, 10302182, -688,-725,350,11,11,48
6da2d18f-70d5-4603-8555-6ac8fcb00d7c, 88826340, 401,-885,-474,-32,24,21
fea76008-9453-417d-a46c-bb7ea5c87d03, 752093, -582,-114,-496,2,-9,1
fe2c5cf7-ef07-4fbf-932b-251e3b52a59e, 3702997, -819,169,-659,-3,-48,46
8cedaf31-d94a-40fc-9678-8dd5a777aecb, 72274461, 918,-501,563,33,29,-35
3e535ab1-3fdd-4892-b06e-a810a0aad167, 512108, 540,869,-976,39,27,37
ebde5ce2-8b5d-40d5-a7b4-ad7179ebe6a2, 17729822, -188,-242,712,-28,41,34
62793602-d9c8-4f42-a53d-c5114a3385a4, 46179729, 864,-598,456,44,27,-45
d1f400dc-2aec-4576-8c4b-eb43058e226f, 23448734, 345,303,-7,3,-37,19
70a7ddf1-a6a8-4625-9aa1-66a73144b611, 7586768, -99,-193,752,-39,-4,7
8d613efa-6ca6-4bd1-b813-2d4ad053019b, 73588741, -402,735,310,39,-49,-20
9c4f49a5-0233-4cba-b414-1588b0b3e1fa, 97435706, -70,-614,970,16,9,26
2b253d25-d262-4cd3-a1ec-8f2896c0fcec, 31211870, -288,-262,-414,-2,23,36
4bd50d6d-b663-4c84-a7c1-c08e431ffb0f, 22696556, 92,923,-338,43,-31,-12
08c9f900-ed9a-4921-9eb5-cbbb4b8e8365, 41214417, -749,829,92,-47,-13,10
72efbc04-4fdc-4245-9425-43051c4051fb, 7473872, -417,-219,-597,-14,-35,14
d1f4c144-caa1-4e1f-840b-ba14bd36db58, 10778503, -11,65,747,34,12,20
4cee8f60-6910-497a-b2c7-95fbb33c3b23, 376150, 409,874,858,10,-49,42
b9da9a40-83bf-4a3d-9a07-678a70291fc6, 424, 785,232,631,1,-8,-18
14597eec-4ac6-4b1e-9a3d-c619364a0589, 5944289, 883,-848,514,1,-17,5
565c449f-1cfb-44fa-96f2-acb16296b3a6, 77137456, -8,-611,-359,-29,28,4
c4402c4a-f9fb-4005-a93d-3f13c2011d70, 88778644, -569,748,-356,-16,-24,0
a8ddb7b7-e9d5-420f-a911-b02e3c8b000e, 3748256, -424,527,971,40,-8,4
0082d543-3c00-4a83-8e67-29ba5e3173f8, 2236194, -579,-662,-607,-8,-18,46
2abeadd6-250d-4184-8770-6355b0d86a29, 2087979, 479,83,-767,-8,36,-29
75118849-8906-405a-8697-96fabebb4691, 289816, 156,225,441,-2,-6,4
d6c8c1f7-8255-416a-9f84-5cc3cc617790, 70584, 91,192,-667,22,9,19
24d0bf2e-7dd0-4ae2-ad5a-68776dba8b40, 3015782, 218,-975,-813,17,42,-31
8e865192-ec01-49c9-8b60-3c681b4545b9, 13624532, -686,-264,-520,29,2,-3
9d18ff30-2b33-4c6e-b967-d25160bb8e64, 49305576, 895,706,-976,14,-4,24
d6042c96-9d96-4ed4-b50f-77e307579463, 36634101, -752,-234,86,37,39,-21
10012f18-404d-425a-8220-0e1e2542388d, 6211186, 682,138,433,8,36,18
d2f294c3-0c8f-4dfa-bcf8-15d0e9197aa7, 20635203, -749,-493,720,-32,39,-17
81154c54-43e3-4476-84b3-265cb95f42e3, 49803726, -480,770,212,43,-13,45
6cb37c56-cfa4-45b2-bb70-f958e754ee39, 78667067, 729,-916,123,-23,9,-25
88d0eaac-bdeb-4295-8e0c-fe991e0db16f, 12815958, 42,-96,-632,-14,32,10
06b8fce1-04c2-4475-bb8a-decc061e8124, 55495872, 424,905,82,29,-46,-23
e111107b-b42d-47a2-a1df-f91d1e1485ec, 15116670, -840,-857,235,12,36,25
6db5f691-367d-4e24-ae3e-4b5ddd33ec02, 1757309, 192,-235,-405,-42,-49,-22
6df7aeb1-93c0-4988-b73b-efeb96f90eb8, 85335244, 46,-127,412,-25,-18,-21
5f5dc745-de87-457f-9510-01b23fb757dc, 7927455, -723,152,-710,-22,-39,-1
da92dc10-855a-435e-b741-10258eee226d, 59659179, 796,298,-598,-4,32,-50
32c4f4a5-7636-4846-beae-2c25872015db, 67539028, -756,771,-290,-48,44,11
faace336-0718-4600-91b1-201a69046f73, 27962099, -270,-798,691,-50,-49,30
43c75895-5e92-4fc8-9ac8-9c3f8339a4dd, 58775506, -835,325,586,-24,-48,37
0da00d9e-8162-4a0d-9523-8ecaeba8f249, 29997220, -641,-201,-811,44,-24,-21
fcabe7a2-8b32-419e-915e-0fcbc9cfd831, 67872997, -355,-684,-918,46,4,-17
5f1b7bd2-0909-449a-bb7d-bc63a6953c2c, 746, -423,-585,353,-2,34,-9
30467cae-26c8-4285-9e9a-65f2285d87df, 61038109, -880,-70,-265,27,-45,7
ca12d186-6612-49c4-86a5-68b5d21333ef, 57107539, 107,739,830,43,-10,-45
5e77e214-5791-4fc3-8dc2-c96b071ab134, 53867806, -52,93,381,-48,36,-24
8468637e-0944-437f-8a81-6bb105439424, 2863139, -493,892,-783,14,30,41
bef02ec7-d9d8-45d9-8b08-522e5a540c5d, 2898647, -753,-301,686,-25,2,-21
922f20a5-6f86-4777-9aa8-f9006582a546, 85049773, -288,-748,705,-33,11,-33
3982323e-f995-40c7-bcc3-af08d046be65, 82510510, -117,729,-70,-33,38,15
d7318074-cbb7-4bd5-86ad-285445bb2b7b, 57221526, -485,-712,-952,19,-24,-49
35416bb7-4c3d-4e02-9af5-e3ed3992f5da, 25698121, -327,-152,-453,5,-26,17
184e6dcb-bb03-422f-a4f5-986525f13cbd, 8384685, 936,-293,645,-39,20,21
8f1e66e6-3d13-47cc-9c5f-e3dc85e92f31, 22019553, 915,-524,731,-16,32,43
65648c78-1d27-4707-9268-bd2354b1c85b, 13648761, 511,889,-330,29,34,-49
e8db5b93-d7f2-4ce0-a288-e2a884ed755a, 76339721, 508,50,-118,-1,9,-44
11d6eb79-ceca-4d5d-b02a-53df4ba43567, 3111699, 976,143,97,-30,-26,49
3c858314-728f-45de-8261-f175bfea448e, 12545724, 708,326,-888,7,30,-27
62a1dde1-8805-4842-8c98-0a220cf4e333, 27912936, -582,-359,-669,29,-2,-7
4a57b085-04c2-47c9-a4b1-d7b2f03e2d4c, 873206, -450,126,332,-5,44,24
d01ee7f6-1e8e-4c97-a5bf-114c640935e8, 59091943, 952,845,955,9,24,2
7432018b-bdaa-4fb6-bc13-d1f349923892, 38566875, 685,475,-848,40,38,45
09b95726-23d2-46ae-9e4c-cb801701f644, 66189763, -199,576,-11,17,6,24
4bbf7412-c815-4964-be3c-ddd80a7daffc, 5182, -429,602,-217,-10,-4,33
65936e83-afa0-49d8-9d37-e6b5fe587dea, 7034215, -891,513,514,24,37,46
06f4a61b-b49c-4a7c-b0b8-b088de8fdf8f, 45947279, -50,-442,-930,41,-47,40
6597f0ed-8c53-419e-bae8-0a72f233d508, 28025, -806,-133,885,40,-47,10
6d7b7749-7948-44a3-9bc8-f509fa593a47, 26572280, 484,283,-652,-11,24,-1
a68a70b0-b941-4ce7-b47a-c9ea11ef5078, 74437913, 524,840,735,-30,36,-20
23033aef-bd10-422a-86c8-ab9ae63999f9, 71968263, 367,784,395,-3,17,-19
38906960-e31d-4684-866a-03d6cefe5b98, 20839, 731,450,-347,6,9,-3
00396f87-4eb6-4b13-b998-a76c50712c3e, 14342075, -15,514,-72,14,20,-36
49483411-1b50-4cdc-be84-47d5b7720dc7, 9117718, 342,889,899,-7,4,-25
f226710c-ff37-4a1a-b5cf-1e304402c464, 5114595, 107,653,969,44,-17,28
b06465d4-3966-4cee-be75-a6f5a224fead, 46604746, 941,-452,-410,30,17,-38
9703c2a2-1dc3-4592-8b5d-ad9bbfc1f5ec, 28700586, -196,-753,-36,18,49,42
56d031ad-8d29-4994-94f0-40676328c115, 12161388, -724,-279,95,14,-17,45
675575f1-9d0b-45f9-94d7-f5d2b4139986, 89978457, -935,167,-329,-47,-5,-41
fc850e79-89d6-4320-8b6a-a8d91f9a5dcc, 3040669, 219,-540,-503,4,-10,12
f07282c9-5a4d-4f0b-bc15-7cbd10a1acea, 39209982, -14,-969,939,-13,2,-30
e28d068f-6696-47ef-82e3-0e0240842a1a, 35119410, 502,-492,-963,15,43,-44
bc61bcaf-fc9d-43c2-bebf-31bc96125774, 959112, 9,-167,175,-26,48,2
2a182c48-5e5f-4518-8416-1d6c05c60d67, 6136460, -849,-227,134,-8,8,18
53a041da-3d12-4c58-88bd-50ea28014171, 37976652, -142,866,554,-23,-47,-15
0e565639-fb5d-4d3e-971e-99803e78550a, 3603422, 174,895,894,-24,-3,-2
ff881f3c-0ab9-4bf7-82b6-97e821ced175, 17769424, 87,-102,592,-17,-48,-23
026da116-6335-47ec-beb3-89f468d2c099, 38192154, -597,-365,997,-9,-33,28
e89dc2de-504a-46dc-a96f-77330aae74f6, 42706351, -363,486,-935,7,34,28
1bf2a147-ac85-4537-91f3-07b9683b074e, 7409651, 669,278,311,23,23,11
a4dd9123-e4ff-4e1d-bb28-a1d57a2c52f7, 26962353, 57,386,-66,-10,45,-3
be43f725-392f-4763-8daa-d312379224e1, 26431927, 999,-303,675,5,13,6
cce1d50d-fde2-4edf-9612-49d7651905a7, 10449196, -819,-656,-562,33,4,20
f33fbf49-9eca-4f5b-9335-210942cc98e7, 63092898, -286,-464,311,-36,-4,-5
37023c58-fd33-4c54-9b08-44dad7950209, 7315123, 179,557,-931,-10,18,12
fe0c7272-b4d2-4b62-bb02-d8bbb78c5510, 39610465, 757,-506,727,20,-43,2
c8b277cc-eaf8-4f53-aa5f-e319cdfac4d0, 8563960, 606,-764,320,6,-31,31
b64ab70c-6d32-4fa0-bfc9-92b494588674, 2619883, 100,927,-659,-39,-21,44
9d53aa4d-5d7b-4a04-97fd-2c0bd82817e5, 724247, 139,662,-572,22,-48,-21
db4dc692-26f7-49a7-a943-971cfea0d7ed, 10890542, -342,810,-577,-41,-38,-29
0a84fa9a-578b-4980-b5ee-73d73d8238d3, 73016100, 175,-879,794,15,-40,-26
69a6eb10-5f3c-44a3-bcbe-0e86a19e4b4e, 1188906, 63,-157,213,16,1,2
42096762-0570-407b-8bb4-f72c75558cdb, 27630362, -410,-798,-609,19,18,49
f0cdbc01-3cd1-4ae2-a3e3-f86544d416bc, 45964077, 469,717,959,16,35,-33
8012d879-10f1-4fe5-9790-66a0ebc352b2, 50208082, 149,-519,-673,-38,-12,-21
836debcb-0ea2-40be-9365-a6f9bd889309, 78621, 626,371,-553,-48,-2,45
f5859c91-f1ca-4fcf-88b9-588e35aab054, 82884011, 209,-951,50,-12,-39,-47
fb68ead0-c179-4cd7-bec9-d590ba3508f0, 11198196, -482,718,83,46,36,-49
7cb3086b-ece5-49f3-802f-158303b2cdcb, 55630438, 979,501,37,21,19,4
cf14cd1f-d528-4425-b5c2-ab1e84d0fb31, 12699818, 837,-124,-331,41,3,16
85d9ad7b-2033-4dc2-9d91-c91359939774, 99169608, -993,-765,-712,35,-25,-3
0ad2ef90-895b-4682-83ec-c678fe61693a, 34768531, -483,-388,396,24,-42,-2
5b0e1ad0-53ef-4e66-a2ee-3d9479939ba7, 21577152, -258,900,53,-32,12,-16
555f3c9a-8db6-475e-8869-1fda8736f0eb, 111714, 896,-144,338,15,17,14
c1569f1b-6e8a-46e9-9476-701bf045ba12, 69368191, -599,747,-490,-21,22,43
85263adb-691f-4fa2-8eea-bdec07578cb1, 16740046, -665,-96,-771,-27,-24,-23
c7fe5d5a-44e6-4d39-8075-d91cebf579f1, 7367937, -581,270,-205,42,-23,-20
0c4da077-1848-45fa-b32e-12d0658c48e7, 121375, -77,-878,-540,14,-40,29
5b63db29-d79e-49e7-948c-a75bea8b464e, 18143765, 42,205,-192,43,-20,33
5d044497-5e54-4b21-8c1e-b1f7900832ae, 7471106, -276,-791,16,-12,-6,39
b6b74355-9a42-4222-a6ae-52ae1757af15, 4659, 180,391,-24,39,-34,-17
197c8dfc-81ec-4c21-936b-4749a93fda5f, 29770607, 199,-60,994,-36,20,-6
634da55f-17d8-44bf-b451-b402d4033735, 93844776, 51,-210,-942,-38,-5,-40
91457ef8-1d21-45f6-88f6-005b6effe006, 73893788, 257,951,-49,25,-7,40
a51b3b9d-a866-4e9e-8004-3695a1198bab, 59376419, -830,332,-925,-10,42,-15
215c38e1-4441-476a-a88f-cc78ad34c2de, 78730401, -766,434,653,-42,-31,-10
25ba953b-b636-4009-95e4-dc8b948bb5fe, 2554713, 846,710,518,6,-20,4
167d0a80-fc92-4bcc-a501-28531a132e00, 1581478, -435,186,-272,2,37,31
d2294c53-d33d-4f2c-b1c0-e8742198ec89, 7176030, -635,-781,89,-7,35,-6
c5879fda-64c3-4071-b297-c8132c6e8131, 11205611, 293,362,-891,21,-3,7
2d748bab-d1a2-4405-bd76-c2e1dd1a226b, 22734574, 32,-360,-414,28,-45,-45
ee48dd0c-96ef-40c2-bc8d-a01bcbdb7b35, 442603, 304,-572,-164,-11,48,-25
b45a45e4-48de-4339-b32f-5a01a6e77997, 85685415, -746,288,541,-14,-19,-44
09ec2f45-5214-4f6b-a31f-01aba89fbc21, 51278353, 837,-723,647,-14,-37,4
dd5c9e11-545c-4975-bc42-f1b9ef4d1508, 86892096, 660,-372,218,-22,30,10
2fc6e436-7d9d-4843-9bdc-2a8ef902099c, 99065346, 351,-372,801,36,-27,43
d553d534-9b48-4aba-8953-8e79aa25e066, 56105258, 975,605,732,-31,-30,-37
8f3e5648-47a5-4d56-a64d-c7e7f8d1115f, 87380631, 547,197,975,-2,11,39
74fd747d-6d31-44a7-9924-2ea44e81e41f, 39486107, -630,-782,25,4,-49,-31
e4e7ded1-9055-474a-a425-ff88e7d12c5b, 415484, 145,-459,-994,2,25,33
5a300b77-6a34-4ecd-95ba-beb66aa82a21, 31667634, -225,709,766,-44,38,38
6f386221-1742-4cc8-a62a-5bb7249955b5, 144565, 303,-940,628,8,4,-10
437eb237-b3ef-4006-9c3d-ec45bf8ecb4d, 29608308, 821,-900,855,-28,34,-1
b016b590-995c-4442-b7f1-a999a29aeadb, 68731062, -363,-652,547,-21,39,12
46e51492-eb0b-4b16-bb1d-5dcd182ca7ca, 432962, -327,841,-819,24,2,9
9900b6cf-be3b-4c63-b32e-2d94b33b87e9, 66052596, 859,-653,870,27,-41,6
3a859827-4821-42b9-a6b1-fecb93b3d4cc, 52553253, -595,-1,707,-16,2,30
c5d86f5f-3e9e-41a9-bc64-0b31e1ccee75, 88717678, 754,515,-618,40,-22,-17
2a5c283f-9b68-4353-b92b-afcf577d1996, 25502814, 532,-394,-250,5,32,-22
b52eebb5-0bda-4f26-bc7c-acc6898f99ce, 19198655, -280,80,-130,12,4,47
4ce33d97-4bbe-42bb-b62c-8fb9ad45c48e, 69987804, 771,201,-559,48,-40,36
70853137-8cbc-4f54-b346-d35053b1fa0e, 32462317, -257,268,534,47,-11,-39
105ae52c-6785-452d-b673-c874f4cf864f, 147858, 806,-516,773,-24,-24,19
773f8de5-c63b-47d2-9b83-d2379f694c50, 25069815, -106,296,440,44,-31,44
d5feca24-6303-4860-94e7-37fd20ea5b7e, 10758511, 734,122,-956,48,-46,-24
1b876ec2-5728-44a9-8928-bbb6b43a5deb, 16214606, 793,-339,-184,-3,-21,8
3dc1d49b-924d-4100-8f85-8146f0031908, 173656, 414,212,690,18,9,34
7db6fa2a-e7d9-481b-bca0-ce0990cdd04a, 11645394, -467,958,-587,-46,49,-49
6af803d5-f289-482f-9778-c327bf581a71, 20616632, 921,13,521,-43,15,-4
423a0fd9-c5fb-430f-ab16-3f7877dced8e, 50599362, 189,-7,-142,29,-41,-24
295682a4-e6b0-459d-aa32-be11e7d1c235, 31571805, 947,-194,731,42,22,22
39c90991-e8e6-4ec6-855c-3aceda47133b, 49354232, -61,591,683,14,27,48
6958b9de-bc79-4fd2-a9a9-83bbb4c2a78b, 57853099, 518,-53,-939,7,-10,-15
b02322be-7b9a-4aea-b44d-0774ccee19db, 12397635, 94,825,-332,34,-46,-27
2188e2c6-0308-4f46-ac9a-d573c7896f2d, 14617757, 608,688,505,-17,43,-31
a371da67-25a9-42bd-92a0-d4a494831fe7, 97365273, -600,-229,-482,-41,-39,4
d6ad86fb-635a-4d40-b064-1b524cf4efe5, 77414932, -228,415,113,-33,31,-4
436d69cd-1d6a-4a68-992b-7e46894c48c3, 16971460, -597,-767,-417,-43,17,45
1ff491d0-dba3-428e-9f1e-f1d3884aaf5e, 7353311, -475,-662,614,10,45,9
0763d59e-299f-4d5d-8455-73cda85f3900, 4869264, 539,30,-740,-10,-50,14
814603f8-02a6-433a-af34-ac94ab96a42a, 75619058, -263,-208,-157,11,26,-1
7234e29d-1033-4898-ba0b-2d537be28c7b, 38618186, 853,324,712,-19,36,-28
2270d676-169b-4c48-be57-16c994b71455, 11180197, -408,-430,-788,46,46,36
2dc3d0f4-ffc2-4666-ad18-278312a8aa10, 85652017, 185,-753,749,-16,4,46
62421ed2-88f9-48da-a640-c6afd253b4e5, 757646, -106,882,-85,19,33,40
0f52f2d1-b589-4536-af55-e1e6aed12503, 8934175, 7,-512,-291,-42,-23,-47
908d5373-3094-43fa-872e-691389112954, 2171450, -36,-322,873,6,-27,-33
4d957807-8a2d-42c2-9dd9-cd30a443069c, 24121967, 56,-734,517,-4,1,8
f77b1f88-3f9b-4353-af52-d40c4e0055e1, 32675746, 842,909,293,23,-32,31
a02cc264-0648-4402-8b5c-c7a286455465, 24269788, -145,-975,500,10,-12,-41
bc89ebf3-df20-4d3c-a2f0-2f7a26863447, 193559, 155,378,902,1,-26,-45
5d4e8f28-7466-46b6-bde7-79927b0b3fde, 65562335, 49,-710,571,39,49,30
0da5ed96-fe6d-4560-ae37-005c6492cb38, 2306837, 534,266,634,-24,-32,-43
9036e51c-ac29-4c20-bc50-8d4dabb3a9db, 82780192, 35,-901,-274,-15,-8,5
365f307a-51c0-4a18-9baf-8a2d8e30bacc, 33854816, -26,656,419,-25,21,1
e0e8f268-9145-4256-a0d7-64ab2d943755, 41748623, -764,683,108,41,-32,39
fbbdec62-9030-4a25-bdef-7d92e38414fd, 1152417, 830,-964,717,14,-1,-37
1efd7b80-420e-46d5-9f4d-575f4914b2df, 48386644, -782,-41,-807,41,11,-30
61a7b5d9-b5c2-4e9e-a812-bd197afeea82, 75635166, -530,-114,716,-26,-26,39
fd423296-6eb0-4929-9d59-62ad5401db33, 26606766, -114,242,348,-40,17,-14
c32da0b4-741b-47c6-be19-0348f10228f1, 99761, 859,576,-639,12,28,-4
00c539cb-34fe-4a9a-ac16-966df8a24382, 1212530, -670,670,672,-19,42,-20
c3bf2b8b-c971-4423-b16a-ca279b5bef2a, 47872651, 534,-506,-489,-43,47,-13
d9365aa7-445c-4231-a332-249604a722da, 58709659, 547,-760,7,-26,35,-7
7892d0b7-4181-40de-aadb-ca16997cd7bf, 9789210, 165,193,203,28,43,28
ede17a2d-d699-42dd-ae1f-eac404153eac, 31896015, -979,286,294,11,-42,23
09f8553e-2141-4627-9869-169e10d66e87, 25056104, 572,-370,-790,-8,27,37
cd1790d6-a7bf-40f4-9457-3783db1ffeeb, 72208014, -443,566,307,3,-15,25
06080973-203f-4e2d-bea3-a89450332a95, 64509179, 355,404,108,21,-26,-23
f8827161-1a9f-4d03-bd50-c3f4510635d0, 26827702, 441,564,-786,35,35,-46
9aa62aca-bf20-44c4-8a56-f8a4a39c481a, 53884, -211,723,-816,22,49,45
bfde6cd5-ec9a-41d7-9761-3f403bc9c065, 48831456, 610,338,-7,40,-24,-20
cdcf487d-0285-434f-85d1-3abc66f61307, 72576936, 243,354,190,14,-2,-39
9d2e543f-284f-4be9-a228-5a1caab48775, 76771589, -424,115,340,-18,-48,6
7dc8b162-2a2a-4dda-a36f-380d79a791f3, 62836466, 349,253,608,33,43,-26
50a22634-16b5-494b-958c-e8ddff5d2c07, 248814, 31,243,-761,24,46,46
bf3bda00-6a0e-49b5-85ee-457600cad289, 28008914, 91,461,409,-10,10,-18
f90f0a7e-efc0-493c-9e5c-21d84b6412c4, 94806135, 107,-811,191,4,20,3
4310aa7a-2e2b-4ccc-b120-65704edf2cba, 30673538, -439,-808,169,-12,-5,-50
cc5e26ef-5bba-4ad5-b170-6888328a97c6, 33317797, -172,395,875,-34,23,-24
df80c2e9-7fae-4f5c-bfa0-b8ca975e2446, 25754989, -914,-852,-595,-26,-9,-33
1ba14ac5-2df3-40b9-befb-1a0ee7f89d82, 96434565, 628,-709,7,-7,3,-42
89efde74-5576-4280-af8b-15392f8b1de7, 12522465, 718,461,-418,-35,-25,39
d1564824-65f0-415b-9735-ae7d7dae9a7c, 17733433, -38,-799,11,1,-23,-38
33ccad63-7927-48e0-9d74-a421533a3130, 94167221, -488,404,554,-23,39,-25
45c13032-191a-4279-aed2-3db06fca71ce, 6581427, 269,-23,-757,2,-30,-43
7c45a4cf-b96f-48fd-be34-3a8bce6600af, 66415920, 179,481,825,25,12,-50
3b75b914-a6fa-4353-b341-7de1e6cbaec1, 17105740, -303,-538,-142,23,-18,-31
d027aeac-82e5-4c0d-82c6-94fabcfc6788, 55906724, 689,228,935,40,-24,-49
78b23a65-c526-4184-a86f-beeebd558363, 18371258, 175,-432,654,-17,2,39
10952875-2760-4656-879c-0c3beb3c7e8d, 62866652, -586,282,-550,44,42,38
f56c956b-ed43-494d-8cc7-ae0e28a118b4, 41110580, -562,603,758,36,49,-45
3a26d269-07cf-4466-b029-f32110dd2749, 83771287, -525,-320,-776,37,1,-21
436cbeae-8634-4a76-ac73-70fdf6285295, 1229000, 714,-944,310,32,8,-41
3d0541c1-2e31-4481-912c-f962a816fd2f, 2424168, -746,-457,-930,-34,6,34
fa3f3ca7-1267-4abe-9be7-fbe1eb01aada, 5456626, -640,-674,-943,-27,29,26
85130afe-7ca1-4bdd-998e-7c89fbb45fb8, 8810287, 877,255,-13,-45,-32,-6
ca35ad4a-3a3c-4022-af0d-ee93d8a2c5a5, 59844102, -268,-459,-861,37,-35,1
1cb79757-7acc-41d3-a8f7-99d5553d81cc, 10809719, -979,93,190,-50,2,44
ef92614e-33be-4e9b-9efb-97370adbd23d, 99356030, -828,675,531,29,-10,35
72d98551-0092-45d9-ab5e-eed58cf2ac23, 4798545, -70,-130,264,42,-23,-47
7823ffe2-f02c-4e68-925e-32eb4ffe0c8e, 10846790, 131,-489,-502,-27,-3,-28
b045c7bd-efe5-4401-bf8f-acb5efb696e4, 24594850, 708,482,-214,-27,8,-40
97e635a2-23b2-4872-94fd-8332ae0ef8e1, 1530943, 384,433,812,12,-19,-6
158ade63-e285-4d0a-898a-32ac1651eed1, 304025, 875,-631,-467,40,-20,3
2255f9e7-d40d-47ac-9481-6e07180a6c51, 1978363, -885,728,396,43,9,-13
03a4a084-430f-4f70-834c-28d87b18c8e7, 82724030, 41,-960,-689,8,-14,-39
53c73943-6959-4190-b295-10c6fd1a0784, 48097902, -119,573,-714,-50,-21,39
43c77973-116a-44f1-8c1e-002068c09f7b, 24680212, 156,959,-3,-50,47,12
b391f61c-9e0e-44f4-823b-64aeb0be5972, 77910914, -126,683,84,-34,-34,40
e1860fbd-e57d-4eed-9590-841a6eefcdca, 25332815, 616,876,422,14,0,-48
8ac013e4-1f33-4d20-a4d1-5d60d5e78755, 76816102, -390,-570,797,10,15,36
8c29b583-a73e-4896-b51f-17e045730488, 65900339, 128,162,-607,14,13,-5
28386255-2b5f-433f-919c-87b1b7754a1b, 41886165, -255,819,-257,19,7,-49
d7b66d3d-64f6-46a0-9f50-799a3a9987c7, 39532084, 169,919,607,22,29,8
1dd0e858-1438-409f-bb94-130f0ce58ddf, 47193016, 609,823,-846,11,20,-36
0278a3f9-613a-4dd7-bd64-4247e2d1c468, 13743100, 87,-683,557,-29,-20,-44
ebaa0d09-afee-4201-8073-3c7bf012e49d, 76300741, 674,531,-879,-42,-35,-19
85bf5747-e44b-41a7-b200-efc4e15fd340, 91179621, 733,111,-691,17,10,45
123574cc-c25b-47a8-a15c-a96f5942f30f, 5375984, 664,-582,736,26,15,11
b8d3a28f-8966-494c-b673-8d11b4aa6c08, 64730451, 382,652,-355,24,-6,1
c887ab96-1b49-459f-b71a-b07dfce9c798, 4187216, 790,422,-253,37,-50,14
d100ca9a-a210-4ff1-8beb-985678a023af, 53400938, -282,817,894,16,26,13
2d14df61-c7bc-4be1-abf6-032c0ee679df, 1116156, 216,797,-566,16,13,9
1d7a4f63-5c43-4880-8ee5-a86209d9e2ef, 68383993, -310,-69,15,46,44,42
ac431fbc-181f-444d-90d0-70fd95749447, 75149484, 658,107,86,-1,-42,-26
970c55d7-cf43-4f62-8d2c-78cfd7427a05, 21368547, -412,-710,882,13,8,35
ae341313-7b4d-400d-8a4a-7364849be1cd, 6726358, -447,139,412,45,3,31
33209a3b-6515-4407-81f0-dd3433cc93b8, 90421416, -140,-624,192,42,-32,-2
cd541ef0-622c-45ca-b9aa-70eec8b7245a, 4408497, 211,-768,633,20,-32,1
36ae40d5-2b93-4bc7-842f-3579a9b68bb9, 40043503, -287,259,223,31,-7,27
3a66a45b-24bc-422f-b692-8b98fd6d0a3c, 15486816, 812,-604,-618,32,40,-17
de577439-72ae-42f7-84f4-47e495c3ecf0, 2087420, 346,-663,-785,19,13,-45
d8c8d677-9873-4faf-8157-ca66e6185ff1, 12103773, -828,-59,-651,30,-47,46
60e98501-0c4c-47ae-bc0c-9095bff175eb, 873326, -857,437,-765,7,-15,18
b5ecb145-1b58-41ef-86f7-d08c338ccb39, 50090088, -345,940,-395,-17,35,32
c9874001-3e79-4fb1-a9e0-ef2512b36f7d, 42355211, 68,-884,-792,-8,-36,-35
88223278-7690-4ce7-8e69-90de21c91c2b, 26272485, -119,812,-641,-12,41,48
e5ca1910-289f-4dc3-a511-5f5d4c02be03, 664032, -582,198,59,-22,-21,-18
b444390e-dcfd-4b80-8d98-aa3986096fb7, 87751842, -617,-27,-257,38,7,-47
d1488c9e-e1cf-4723-a458-85cd3410add0, 22891684, -94,827,516,12,-14,-46
8d5de5db-c63b-465f-8510-e6446bacf7ee, 20062015, -347,392,416,17,-28,-22
efac99e3-86ee-4503-a609-aa8340ccf67a, 82660966, -494,88,-269,36,-8,-21
a0c97052-5c42-4bbe-a8af-f0efa3f4da90, 199142, -138,-536,-727,-10,-13,-40
f5319f99-9d7f-43fa-a479-83847b1c9bb3, 42411354, 865,478,-140,15,42,27
6eccb899-2e2f-4996-8ffc-313f2a30b727, 1203952, 913,260,-896,5,35,-27
890f34a9-3aef-42de-8cbd-cd93a9f5e1c7, 1063595, -112,-866,-693,4,34,4
91cbf2a5-eb16-429f-a22b-175a7c089cc8, 1864323, 516,239,-556,-43,-7,19
2079c12a-da64-4b50-b393-232d23628770, 50918737, -365,-622,122,27,25,38
16ef664c-11e2-4221-bfcb-332298cb4d6d, 63130728, 220,176,664,-37,-47,-6
f047ef55-3f3e-497a-9290-10a3ac1342cc, 61961504, 938,-79,-5,23,-42,-39
d0a89101-8d78-4f7c-b661-6b51305d4b13, 66125039, 414,-809,926,-43,-4,21
9511dfe4-def5-4d2f-ba7f-cc0f172d14b6, 79926590, -316,620,-479,29,-31,5
ec290de8-8d57-4bc8-a48c-5e5f7dbbb6c5, 66756140, 12,-64,-143,-32,-22,-33
7587c918-ed55-4d06-94fc-6dbfc9a68e69, 30217569, -698,-293,849,15,-1,27
f87f5ba2-7057-4c37-a0de-8d6a395a52ce, 34788429, 571,205,181,-22,-45,-11
16c5e902-b0f3-4749-881d-501e262344d6, 14449578, 639,-384,-965,-29,-6,-15
959a970e-99f7-4947-a710-a509d4fa90e6, 7603201, 686,-591,-977,-50,5,43
342d530d-6ec8-431a-a2ef-f46e27ab1487, 8099633, -142,44,664,8,4,23
529aac46-963c-4532-bbf9-37376c4c0139, 6144125, 100,695,-748,17,41,31
202cda76-07fe-4d9a-b506-b01e62b22b79, 2188440, -384,558,905,-19,28,-14
54303fe6-5950-4b1e-9083-4eabb413a752, 2032085, 982,468,-789,-17,-30,2
5501930e-13cb-4c01-8586-f5a548041fd6, 1226066, -443,-147,-741,47,-12,15
4f2b2e6f-2c52-4b4e-832b-eec937f44301, 22971527, 688,-233,-372,23,-12,-14
4c6e9029-8b83-4320-97b2-c5640d0e1767, 99263283, 232,939,-471,-3,-30,6
c54817a0-f0b7-4e64-926b-d1b516492be7, 16228424, 662,123,864,0,-27,43
f2e144f9-fa93-4ec7-85a6-69b74a6f7187, 21866263, -597,-149,-48,-10,31,44
fc6bce98-69d9-4ed5-a09f-24f59e74b855, 82401038, -7,978,706,-23,25,-22
9bcf0117-1791-4aac-8d8d-2e95e603062a, 54765929, -732,338,-910,-24,-16,29
5514796a-bb9e-44fd-9909-7e790b561f9d, 94070993, 671,650,-702,-44,-11,-38
baca3382-e2a4-403a-8ef3-216a096dae1e, 8144788, -25,944,787,43,36,46
af6540ce-6283-436d-9796-c34455a8de09, 90358732, 280,538,-260,12,-47,29
985bc28d-02bc-4925-974a-8ebdd81cdc0a, 81416795, 888,378,-596,-32,-7,25
c08880eb-be8c-40d5-a466-97d9e88742e7, 42975131, -934,-588,-642,-35,23,-28
3c90c53f-2c9f-4c7e-8b11-65612122686e, 96340692, -93,-188,622,23,-50,-1
3b9c3d79-94f3-4316-85ba-398e5168e4ae, 7505011, -535,611,302,-29,-34,28
1cffeece-3492-46ec-9f22-6de012618b3e, 55621093, -266,542,-706,-33,-29,-21
80fa86ac-a335-485c-8a90-b57c4fe93d94, 22599478, -782,668,-147,-27,35,22
a9eb330c-efe3-43ba-a1d9-ebe880702df2, 4448197, 908,753,-370,-46,-3,35
6b485233-5204-49c8-b4ff-66611f2e5818, 21873289, 251,187,201,2,12,-36
ac3c0a9e-7c9d-4fa1-b00d-01b5fa2949cf, 16583320, -195,106,-60,18,-6,-43
e32e68d9-be04-4dca-a2b1-020f1231bd64, 967198, -154,891,621,25,-12,-2
3f3a1c69-85e5-4a9d-b0a0-5787471f225b, 81157515, -421,718,-813,-32,27,-36
4e7ef895-7e52-4260-97ea-bad54ff086e1, 27979088, 581,-166,547,20,-30,32
398b7417-2f95-48d8-8bcc-c3d55c361a66, 59880452, -892,-425,-969,33,15,-1
67cdb7b7-a210-4a56-8156-d23efa95446a, 98854254, 509,-21,150,34,-20,-40
759d9234-fd56-4a6d-8f67-1e878aefffbf, 59535220, 9,728,757,45,19,32
ac07a6d9-30d2-4a1f-99d2-d506aed9ab81, 22570276, -952,165,-715,49,-47,26
fcf495d0-4049-4ee3-aabd-ba1a6d84ea80, 126052, 81,411,-195,-25,25,47
19af83dd-36aa-434a-b2c8-b8c7c053ba80, 65218062, -937,145,-852,-24,16,-34
60ff44a6-3028-475c-8a1c-beedabf41696, 1141433, -776,-43,26,19,-28,23
8197869f-fa19-4a58-84a3-b9e4b8d1e351, 1761871, 803,391,-79,-38,-32,35
ff1872bd-104b-4324-8c29-348ee1f425bc, 74653426, -946,494,-886,-18,7,29
3bd909b0-2d51-4bdf-96d2-1eb4a9311040, 38580633, -73,241,47,3,12,11
1a1b03ad-768b-499a-9b37-d03daf9e6378, 31682891, 953,141,704,6,-40,-38
58173703-f162-4e85-bbb6-d1b40eea2434, 1472912, -667,966,137,-41,-22,28
bf4ed2cc-5ccd-48f3-a3ae-6c9de58c0b2c, 1882503, 303,933,517,-7,-28,25
2a937e2f-8c19-4c13-87e5-a5195a10915d, 12559943, 85,-78,-722,-25,29,10
345e7926-afaf-4eef-9b39-21021093ceac, 28297913, -447,618,-636,-42,-8,40
d68d91d0-d5bb-4d49-b6ce-ed9ac3d9f7de, 4861105, -307,623,932,-42,-18,5
16b11aaf-0afb-49b8-96fe-95e96f07385c, 1168763, -450,-168,801,-29,26,0
4831875d-0978-43bc-8e7c-b320a86a5702, 6833371, 377,858,-829,-26,-34,21
f969fce1-8c9d-4f65-9b94-b314dd785f70, 2157017, -146,162,-566,32,42,-13
62bdf678-3103-423d-b01b-c77fb921cf13, 36569253, 883,358,-23,37,14,9
e0bc8307-32ae-45fd-b0c9-4f24d3a193ca, 84264224, 589,689,-934,-9,-36,-36
589bc1ba-b118-43db-b860-2cbeba9ea966, 88278229, -385,-34,115,-44,-4,-4
f8667012-40ac-4ba3-8fbc-e1125cd1c0b2, 24145746, -16,80,576,2,-11,-27
7e140ac4-6912-421a-92d2-ffc19079e1d5, 72371316, 386,-378,131,-5,-14,22
7c66cf61-57ec-4ce8-a6f6-5b13964402ef, 11275722, -451,-358,-754,9,-30,0
511edfc7-b10c-42a7-842b-7bd8b29d86a0, 55627686, -941,381,544,17,42,-21
7c0632d2-ce40-4471-909b-cbb6a0ad47ff, 30108523, -443,-645,775,15,-20,-29
00dec96e-a692-4d9c-85b1-8ccf8a2d880c, 58000827, 957,153,-792,20,-24,-10
a60fa927-892e-4426-a57a-87d8deff2746, 98302838, 882,-751,323,15,-13,-5
3e0f69fd-8711-40fa-978d-ea97bbb036a7, 24222926, -394,-715,-415,-16,11,-29
e64bf4d2-e927-49a3-9f5e-f88b51362d0c, 24012145, 464,-118,-645,40,3,-6
9b4fce1f-b7a6-42f6-afcd-eaf0a7f327a4, 95880851, 832,-154,-182,-40,-18,38
6729cf88-20ab-40b1-803e-6c0e4107d83a, 7894592, -690,-157,-334,42,-14,6
92187a3e-be81-45fd-89f5-f1e1415d2d4b, 9332770, -37,235,818,-29,-5,43
c7156e2a-23e5-4eaa-b7b3-ee81744d2389, 49927202, -177,830,898,31,17,9
44aec820-95bc-480d-be5d-ab3684cc7ece, 58643984, 464,-659,-239,-30,29,31
7581f986-610f-4165-9d51-063fb04e9bd6, 644927, -693,151,-45,27,-14,-9
54b439ae-84f6-4719-bca4-d11d6ef99892, 49062887, -875,455,439,15,5,-43
4faa6798-1f78-4834-8286-3a3373cfbac3, 496366, 202,-520,-629,-12,47,-8
a75a99e3-43f8-449f-90aa-63fc9747addb, 82242311, 38,-451,-717,-34,-10,46
aabbc5f8-2543-4ccb-87c8-29e308aa1c70, 45100216, -209,699,411,22,-35,-41
fd24db63-9cdc-47b5-b8df-601df8c0902b, 3973377, -266,-461,903,40,-8,14
f8bfd562-60e4-4d4c-9238-184319b408f3, 23692, -283,-391,356,30,19,11
191256e9-e4f5-458b-860e-67daf26d5381, 60269, 810,10,85,39,42,33
d71e8968-2289-4b09-8f4a-9091073b02f0, 7797671, -421,-691,637,-4,1,-12
d5899a2e-20da-474b-842a-55df83ad5afd, 5939740, 946,-66,-246,-38,-46,-39
18f05f48-6c34-4f5b-942e-fc95a784a714, 9894894, -633,-331,-298,27,34,46
33099499-e14a-48d0-a785-fbc3354ba4df, 53273127, -338,713,-547,-1,-25,5
0e7f01d5-f9f2-46d6-9810-0f1676506432, 24107700, -670,-422,-8,-16,-24,43
5773ba41-b6ba-49a1-81b0-655f1c232b6c, 65735225, 81,-420,-554,-38,-16,3
c9b6d21d-4c7e-4d1c-8def-8225fbca7496, 27328739, 561,-691,462,34,31,-2
28b408c0-304c-4602-b9ed-cbac55ed74af, 69299573, -446,-804,198,24,48,11
d0198c8c-f64d-4b0a-b9e3-7c8f78fdfd4c, 79944198, 89,-619,-108,32,47,-12
1265f9e7-b917-41ae-bcd7-14bb2552ce81, 6386583, -634,426,-57,-16,36,30
86851312-52f4-4a98-af8f-a7ac1b48fd8a, 14782519, -837,187,92,44,14,-39
3536ed4c-72cc-4319-a622-ef48e37db62d, 27469746, 547,-654,-789,5,-30,-43
23732822-e4ed-4dc9-a6c3-26bb66e85aaa, 3969, 572,-498,52,-3,30,15
fd2f22a4-e32f-418a-bbd1-8b1992122086, 12472576, -376,230,547,7,25,17
e561e154-1a48-4404-a626-f6c415d08fa0, 90133552, 40,-593,772,14,-12,-8
83c290a8-75b3-4d9e-81b1-d90280690dbd, 22710960, -57,-755,615,37,-18,-34
62a3eace-861d-4034-a753-c52879f5eddf, 805092, 363,555,975,41,31,-40
ab32d812-2910-4e19-a5d1-e4e2d9678691, 16416934, 343,-292,252,-42,17,-26
51367f61-988b-4359-be9c-bed77c4ad831, 2362246, 693,-847,933,-16,-2,9
fd62c40d-4e1c-4f95-a511-993b8f5db4da, 70202976, -245,286,282,-46,-1,13
08f5607c-34e2-471c-9f40-c6b96fbf49cb, 15606227, 500,-916,288,1,12,-39
05de84bb-5410-4d60-8cb4-377878a8a53d, 33808045, 875,519,133,6,33,17
862fd251-5a73-4183-b22a-223749e1bbc9, 1544, -411,-339,-737,46,-19,-20
03cb3dd8-53e8-49fe-91e4-6a20ec739633, 12226947, 694,221,-664,-43,-25,-50
906c2610-318c-43ab-972d-d17e507e0a44, 69013452, -699,815,872,-33,27,-23
c5ba2bf3-f97b-4129-94d9-3e42096467b7, 1140956, 368,288,63,-4,-38,-5
a937f3e4-dea7-46b6-a5d4-d1512700540a, 73480638, -906,843,924,-42,-38,-7
15889ed2-c4d1-47d6-bcd1-9cae1cb25761, 76305438, 764,847,-657,34,8,-49
c59ddb8d-c20a-4c47-bf53-e9a3414f8241, 3717072, -292,-721,-245,37,17,46
a6292c30-2eb7-4324-af0f-c61e20570835, 34882594, 321,-564,-794,16,-42,-41
90092cee-5743-4419-992c-5afa74374274, 30976270, 903,-684,186,-3,42,-21
3198a0c3-4239-468d-ad7e-8f5eaac0ccaf, 9473236, -756,-131,-416,-17,-25,10
b871942e-19af-4346-9b5c-dc15cb4279c9, 9760459, -860,-610,-225,-28,47,-13
589387ff-ffff-4da8-8f6f-c03d7a088dc3, 8049181, 816,486,-707,-48,11,-18
f3a12d21-5bb5-41f9-86ed-1719ab16b385, 560434, 691,203,582,-29,-48,-47
375fd37e-faf3-497e-b598-a5ecb4f36f78, 479725, 796,447,-861,22,35,14
171fbb93-bf8b-4477-9d3d-a0838726d055, 52790494, -909,256,-320,-15,-15,31
e09f6b36-c969-4333-ac3d-f89f8ac5301e, 21915547, -473,847,567,-14,-3,33
386ca675-afd4-4d32-a75a-c45bbb75cafe, 2336398, 395,502,-542,-23,42,5
189e8e69-3d76-4b36-8c57-5748c4507270, 36773602, -456,560,-957,9,45,30
3080f01b-5c83-4c1c-920b-004179d05e77, 17816478, -362,-81,-292,-2,0,-4
31742c9e-7b36-4b44-b320-15de59c470b6, 81612936, -782,37,-891,24,-16,-23
27cc743e-104b-4f0c-87e8-990ad86d5e0d, 39923042, -273,-879,-811,-33,-39,-35
f9d7c568-f998-49f9-922c-e315a79b93b8, 13537217, 843,-596,-726,43,-11,5
dc193b90-1e39-4099-9e49-983f544c289d, 21880156, -761,-405,-369,44,-14,-19
91de9c27-4781-4f79-97a0-bd66e6ef3211, 35394943, 379,124,69,7,48,8
6097ff41-ada8-401a-99f4-c4cf9bd60347, 47581453, -978,-423,820,-33,-48,-45
3de48836-ce6b-446b-83b2-72dbe507b127, 4641146, -334,-795,679,42,-8,-27
9179d29e-541c-4afb-ad00-8c62892ff390, 59843879, 362,993,749,13,24,26
d090f11b-46fa-4bb9-97c1-81f8befe13e6, 88812781, -867,863,15,11,1,9
c2fc9a16-059b-4fb2-a41e-e0bf2ab4708c, 39004066, -986,716,-328,-30,-40,15
f1c1431e-ab0a-4dd2-8f8c-01eff1ebcad6, 44234547, -865,793,-649,-38,-28,-3
2b2e2578-11fd-4313-ae2f-c235409a26ac, 25248509, -189,853,-980,-22,-26,-47
e355b478-d7f8-435b-b727-f8c3f856b9c8, 33235481, 457,-355,-933,20,19,-1
e0c7b85c-8363-41f9-b687-3437b59e26bd, 90916929, -880,-724,4,-2,-33,-19
087b6cb1-0043-4ed2-ac43-899df97782f4, 66283738, 693,-202,189,9,-38,-49
42cd6936-c191-44c3-992e-17bab9381daa, 40553421, 474,734,-156,-3,-33,-15
c2534b72-d26f-4242-90a0-aadd0e969448, 7494738, 932,-661,-984,-16,-9,2
a82d23e3-00fe-4510-8b22-fa47ae04d0e6, 12593703, 796,-869,-6,13,-42,-43
725a5997-1fb0-4177-96e6-545a97f8d52c, 51073230, -179,-304,107,11,4,-10
1509b7d3-a5f7-4202-9a6e-1b391dcb967a, 11520261, -600,-283,-490,-34,-33,28
102ccaf6-6cba-4ac6-9427-feac09eb57dd, 32630922, -844,5,-506,-25,-8,7
e1b26be8-c6c2-4fde-9196-7a40a8945229, 17257189, -18,727,196,5,-18,-26
e7b9426b-ff5a-4d9b-8b52-d483ce59704a, 73268756, 51,-911,-512,15,41,-6
e5d8b671-e1de-48dc-9df1-cf82caa357ec, 11516976, 736,285,-395,32,-31,37
a9167e09-c7a5-47d3-aa94-8a96210c90de, 16058473, 634,478,-510,-46,9,-21
7045d195-4123-4ee0-b598-f5265aa4b384, 83662, -348,698,466,-17,-31,17
fd8274ae-81aa-4eae-b2b4-9bae218526fa, 49075468, -616,479,-813,9,-36,9
2a973a66-c0fb-4697-82a9-803343882744, 84927112, -663,177,886,-26,33,19
b044fcd6-5c96-48dd-90d0-865ff6b92beb, 88211621, -648,322,802,14,-34,17
641574fc-ab65-489f-93e8-82870ba2113c, 99707995, -280,329,798,12,-46,-3
2d506862-6f46-4635-af16-4fa24d10994e, 9198110, -20,114,-707,43,8,7
171c3cec-aec2-4505-9365-2d6cd4419251, 15745340, 655,-961,98,13,42,-23
d5d24243-b609-4d0d-b879-9e584df87ff3, 43169588, -306,-346,-560,16,40,-33
cdf65213-7e1e-4141-8cea-294f272438ce, 6546657, 521,162,-222,-24,-7,-2
d0eec17e-ff41-4704-b124-1b34d23aa19e, 77587288, 848,913,-825,-33,28,1
9987c5d8-35f0-42c5-99a3-dbf47938b288, 74921072, 231,811,553,-29,-11,1
efb4e551-0215-48ee-8210-5cb7aea10221, 1049280, -489,653,873,-20,-33,-25
baf956ab-3b7a-4790-b19a-f7723f0cf0a6, 27651064, 355,-981,982,0,-12,29
c133366c-dfdb-46af-a729-a97fb3d0560b, 33489509, -532,-259,0,-49,32,-17
eb9fd2dd-1719-49b3-ae62-aa5af57e98ec, 20596066, 992,-266,-474,-3,-49,45
66e83e69-7657-4a57-afaf-d6a6a4cba01e, 65978629, 992,150,200,42,-49,15
33756274-2946-4c4d-aff9-0d9e0fcfbc8c, 54697678, 298,91,-668,30,30,-17
4050cf36-9677-4111-ba8b-32a8d52ffcf2, 12181214, 277,113,126,19,45,36
623125ea-d6db-4f6b-b89b-f592f8ab1595, 64918179, 876,769,-616,-8,-32,-41
1380c043-e4cc-4e5f-8ac2-a065d3e869ae, 7000233, -133,-983,-26,44,-38,38
ca91d4dd-8d68-4e12-babb-d89eba9b1bad, 78804190, 406,323,97,-16,-2,-22
42dcae45-9153-410b-b8aa-bfb16b33b64b, 10148090, -728,-371,-979,18,-32,8
81c128e1-e914-40ef-b5f4-2772bba250dd, 65840224, -584,258,-127,-48,24,-25
154cf7c6-eb7d-484b-8dfa-1a4ad557b8be, 8714684, -547,-599,-503,13,46,33
753080c8-74a0-4230-99cc-b0c5031a178b, 4918982, -579,728,-177,-49,-32,-49
6d382f3f-24cb-4b79-ae98-f0f809704d51, 5048461, 47,931,-837,-42,32,7
aecf2544-d57c-4999-bec4-73e6f264d5c9, 8744078, -657,967,-797,29,-40,-44
1c8a9090-f8d8-42cb-9f39-6fadb4211fe5, 13533314, -947,-387,153,-23,32,0
a04991b1-3012-4775-8451-f696260eec33, 62693280, -471,300,-523,-40,-7,28
0a0ffa25-0137-4bc8-a286-6b20288bf3df, 510129, 975,429,50,26,24,-10
e45a3424-6854-481f-8ef1-112cd4f641f5, 26720915, 458,594,359,-16,-1,34
e3e98e11-97e4-4479-8f62-4e4db019b2df, 73190882, 170,-905,384,-44,6,-1
6ef93c16-fa42-4972-85f7-3d42635ff5e4, 17703134, 698,364,-506,-14,-31,-36
99f6c344-6e92-497f-8389-d440cebf1d51, 42157553, 857,-839,115,4,39,-14
a40875bb-de22-48cc-a77a-b44a90ad6ab3, 12658280, 111,-126,780,-38,-22,-39
85247114-537e-4884-9dfe-bc84aed97d00, 91043398, -381,-558,-13,4,29,13
5633fe37-73f9-4792-9461-ba8bf591532e, 10087656, -464,-708,-217,-21,2,-7
e43281b4-2a65-4a78-a1bd-612e9afa3b92, 43529428, -27,-783,-952,25,39,7
c7964d80-dca7-4b03-a701-b02e4e40da6a, 303309, 661,-399,915,9,-50,-43
8fa13dc3-9acc-4891-aa5d-8f58049b24eb, 2983624, -451,-547,612,11,41,19
121cf2c1-ab95-4d86-8839-213b3b8aeb94, 10913062, 956,93,423,48,40,-35
2fc105c0-9dd5-4f3c-9eeb-09e29f3787ac, 30187783, 116,-430,-127,-17,-28,-39
4347908c-69fb-4c7c-864d-4127aab165e1, 13127649, 157,365,735,-16,-19,-33
df5a0c95-b7cb-45d6-bb28-8b6339152312, 35624146, -636,-626,726,-32,17,-5
5dcc48bd-a72d-43fd-b396-10958a6f6352, 3837313, 137,521,763,-24,18,-7
1bb465f2-f111-4937-96a9-83bbc510e575, 2400198, -132,37,-190,19,-40,23
28357128-e12a-4ec8-855f-c8d450b4535a, 71066234, -508,641,-909,32,47,34
a4a60314-4828-4c67-b3d1-3d87ad3cfc4f, 12016452, 224,369,340,-34,18,-8
1d2dca74-92b5-4a0b-a0ec-559e2006d4d8, 30112406, 387,-926,858,9,45,44
73c9313c-593e-47ee-99a1-aeb3ecb0c815, 577379, -381,418,941,-8,-10,-27
92241d46-8587-4f6d-9912-c8a664d09378, 2106708, 922,459,-768,-18,18,17
d8a10a03-d1b3-4bac-9420-2eb6f5a98008, 697463, -611,790,290,-35,24,-11
6609ee84-cc79-478f-a24c-4f32dfb33590, 22020143, -889,175,-140,-7,-44,1
3e92505a-197a-43ba-a5b1-37cd8e6d9585, 43005746, -439,640,681,49,-21,32
b40555e6-e817-4f19-b5db-50d3b438e601, 81532573, 795,-232,-259,18,46,-40
5ccf416d-94f0-4ce8-8398-77a54ddcdbe8, 62686338, -340,782,-545,42,38,35
b62c68cb-7a9b-41b6-be68-e803f437b383, 80812375, 699,-847,195,12,-7,-29
311f99d5-45d4-4ace-bff5-b1645975f6f4, 2572751, 224,-667,596,-11,9,33
5aea0bf8-c4fb-4d08-a558-5fddb03bd02b, 1283, 404,-365,147,14,-10,-18
55e4af41-f318-4fb5-91cd-aff0842d8d58, 12013962, -467,-740,429,-33,-34,17
b9cabfb5-9981-43a4-9645-9c6f3e2288a9, 718163, -150,997,881,12,-37,-29
621fd3a6-7d34-4b6a-ae3f-452d3224bf56, 14948473, 63,-398,186,-49,2,8
781755b0-ca81-4c09-9dfd-81236a41e293, 976658, 995,673,82,-16,47,-45
0cd44d4a-f9c7-41b9-8c73-1f2a5613a07b, 16937410, -328,-714,-767,-27,2,-34
55cb8175-2909-4c2a-9826-f817bba20404, 91335798, -41,784,-453,-17,18,17
60da3a1a-5fe2-4336-a634-29eb50b0cce3, 67202408, -130,517,-705,0,-5,31
fb155b90-8afc-454f-8eef-0455a7d3a841, 75279392, -597,730,-335,12,-1,47
b1c60057-42fe-46e3-880b-70e6d48efaf0, 835325, 438,-490,-296,48,-3,42
e5c74a1e-ba90-4ba1-9bdd-a1c32a8b643b, 35884462, -643,-78,-707,8,36,-34
f3daf428-e214-47e7-ba53-016dbbe92385, 85200512, 477,-35,878,32,24,38
9cc8411f-4a51-49ed-972e-32b5a094916e, 69191401, -875,768,-772,-45,26,7
40c04593-9fd5-42b5-b8a2-3b9a5058cfac, 98064138, -866,-277,-172,-3,0,-47
94e1e65e-2236-464a-90fc-0cc6fe619c57, 5528441, -272,-688,-227,-14,-29,26
3ef6c0b3-a8aa-44e1-becf-4c0c1ddd6256, 16647207, -650,-97,471,-30,-45,16
ce5bce83-39c0-46b1-be4b-104627bb88a6, 20412769, 294,305,-982,-1,-45,25
3994ad1f-ce7a-4521-8209-36f9bcca737a, 83112, 711,586,295,-48,24,-33
7d435937-2a2e-4664-96fd-015cfe94a7d7, 8998130, 651,308,982,-28,-19,-30
c693c489-62a0-42b2-81b3-3abc1b8b5bf0, 36484839, -630,-169,-899,1,20,8
b9ed1e91-db3b-4803-bb06-c012c9386478, 13154235, 174,-277,791,25,48,1
187c7654-026d-444c-98f2-f94dca504f39, 17301029, 426,-518,0,22,-40,-49
b6b9f242-f90d-4244-87a6-98526b9101eb, 18320290, 287,-236,260,-36,-18,-36
e7b9c747-fbe6-4b0a-a242-791f09721120, 1625693, -150,-949,-89,19,-11,-48
ee43b51d-f2b9-44fd-ad13-4ec4b992a643, 68856296, 95,-727,-614,35,-17,40
eb8bba42-b14b-4c3f-8e44-00b86eaf213b, 58644925, 969,571,260,-47,18,19
882a2800-4c2d-4c64-a0c1-130be38ded93, 7453182, -358,-490,-773,28,-14,44
d0fccd44-0207-4916-b705-cc8447a804b7, 26144285, 331,218,760,-6,-3,13
5a067938-8769-44df-a398-95e165fd3880, 665706, -184,473,901,27,37,-3
2ef798a7-a84e-435c-9e94-67115d2b0803, 53314469, 912,786,175,26,-29,-2
7d1a8e11-9a27-4a6f-917c-95f5bbf2fec6, 18893194, -196,863,334,-34,-18,-45
d6c2400a-cdf2-4800-8c76-7804cfdb2b5f, 68714630, 959,692,383,-49,-23,16
549f1c84-f471-49fd-9ecc-ab5d2d6335cc, 4175215, -597,-593,-870,-8,11,12
b5451d2a-9f2e-4550-8b2c-d492c587cff0, 3053069, 849,-287,-673,-11,-23,2
5c28c718-1734-44ea-9044-16b66d22b0f6, 83776352, -969,538,-109,39,11,6
8bafb048-7940-4868-a7d7-6220105b5c73, 97894831, 142,465,232,-48,-13,-9
f68bf496-84f5-4917-9828-dd5e304a5fa7, 50157137, 922,762,-20,-13,-14,26
718e71a3-4627-4309-b28b-c376a4de5d2c, 4327396, -475,-560,-293,15,-37,-41
19db7d74-83ee-4500-a358-9dc179c32662, 54931548, -903,-650,-281,31,23,-7
d1176d7a-d919-4e01-8a87-637922250d20, 8327940, -14,-756,203,29,-43,35
836b2857-7c10-44dd-838e-9a55e7d6b60d, 5249005, -795,-535,-474,43,21,-28
02a7ec90-2161-4287-81c7-27579093239d, 41570010, -378,-709,879,24,-13,27
724abb98-cdb7-4b5e-b7bf-8a66278d8f73, 956701, -105,805,-835,35,-34,-12
05827b4d-f303-4034-884f-0788e4242f6a, 15525889, 957,877,-704,-17,-26,-39
f17d174b-8a09-4859-8864-d763d55e5182, 5153340, 244,-30,-753,29,-45,1
54453b01-d2f8-4443-bffa-748308651b05, 81511520, -695,-775,-801,44,26,-46
bb6fc18e-e997-402d-b709-34e502b0464c, 36026, -457,658,-45,17,-25,-40
367ae4fe-8fbc-4217-974b-1404db7983ab, 43908477, -171,-234,828,25,-7,-39
22d0b45a-6f31-4691-bdb4-13fcfaee8272, 6480267, 577,-448,-581,36,23,-2
655104ca-823b-4500-9c26-c62df88e06a0, 27600065, 315,-208,-111,4,33,-39
a01dda6f-7301-4e76-a77a-a03300697bc7, 18598, 379,-845,152,34,32,-16
b0ea5a93-2d82-47ae-a738-b9052ccc4070, 59999012, 484,-710,-133,-30,6,19
b528f282-a778-445f-84e6-8d1d7367d02e, 14830623, 806,576,409,36,-26,33
edc8a2bc-6621-4dbc-b0c0-4df93c30143e, 1876728, -562,-521,-551,-1,16,5
02a5caea-d688-40ce-b819-120b72b42357, 38045389, -669,-734,741,26,-40,-3
7f2297bc-c896-45cd-8797-9192c19977cc, 83566457, -326,753,746,-16,31,10
45760caa-2aa1-4498-a7be-b7b74de81b00, 186550, 983,621,-411,-7,16,11
ed8d5f49-3f2d-4b6a-95a4-32177ab97ea8, 20747181, 410,224,-610,-10,2,47
f2ee0b7d-3411-4445-9d2d-97f0b0727273, 21651336, -19,223,-167,-8,-22,9
9ea76573-1686-4292-b285-19495f2489ef, 14467095, -115,-475,293,-3,-45,-1
b723a6fc-a569-4264-8fe8-73860b06a3b8, 64994980, 860,2,-200,26,-41,-49
d49a2ee9-355f-4348-9192-8884422ca1f6, 42871011, -562,-539,810,-30,-14,-11
61673c0e-5684-453b-9e78-83051cb70f17, 83498467, 912,541,-957,-30,37,-22
f6fae2cc-0c65-4b96-b68d-0e3bfbc276c7, 49220078, -415,126,-887,-50,13,-6
28324ebd-61dc-4e94-a074-0faa96c686e6, 44441791, -524,-836,-514,20,6,-34
12093f34-c70e-4932-9cee-233c63bcd993, 3608267, 500,199,394,-9,1,27
e17c80ce-d088-4383-97f6-98721bbb03b3, 33241668, -113,975,-34,-16,42,44
5ffd3962-7f09-441b-9b2a-87462aaeeb4e, 2948463, -877,940,-871,9,-37,33
07d2f8eb-c0f6-443a-a75e-04c3a5d60c38, 861990, 815,690,679,5,-5,-13
d636c1b6-7810-4d86-83c8-d3fb4ba89ec6, 47221145, -896,-864,473,41,-46,9
12e479ae-b8fc-414c-aed0-fcdda859b9e5, 2208124, 505,606,895,30,35,34
d1c577a6-344e-4399-9bc0-be02ecc1e3c4, 3807910, -637,-563,-464,17,-10,-2
1e2ea1c7-1805-4db4-83de-739f130167b4, 146402, -545,-891,-27,37,26,18
c6814f5a-8d79-4430-bf70-902713c28155, 51497486, -947,224,-595,9,45,29
6e762511-607e-444e-a18a-757c2a0083cd, 33858480, -126,547,-896,-4,-16,7
1653116f-3902-482d-8195-67c0db6a526a, 17012358, 328,-697,-524,42,5,-44
1085b22b-890a-4590-93bf-4a72ed77f252, 41363757, 817,-667,-305,8,-8,26
19724e75-fba0-4d1f-af71-1074a07d6984, 21078532, -447,-279,-945,21,-40,-42
20d1e361-5ab5-426f-a52a-6eb25f58ef26, 91196820, 748,38,-760,-39,-11,12
1ab82350-7272-49f8-a86a-799c31b36411, 15633968, 739,107,742,20,-26,37
770039b5-bf11-4511-b7db-11709c9b06b3, 60063625, 349,370,-456,-21,-47,33
85dee830-f787-402b-9610-ca4f63058e29, 6460385, -5,132,-494,11,-19,-43
db9d2299-0dc1-445a-925e-11fba9db806d, 85691, 644,981,-791,-27,19,-21
fbaaba82-1450-484a-ba22-eeb828e77d86, 1010472, 846,569,793,-5,41,-2
52e06905-ee0d-4797-a748-a0a399b02e2d, 15094, 811,-473,711,-35,27,17
63fe7733-be26-4c67-a32a-34fa6ae34743, 19120582, -761,-315,-126,-43,36,-50
ce034b3b-f4ea-4ec5-a0ae-c5d06f84005b, 372857, 457,-337,588,-22,30,-42
a16a282a-a9b2-4f86-8d77-4c55a2ff36c5, 16794788, 113,654,312,-7,-2,16
74214fcb-a17d-4173-a4a2-99424ee33cbf, 74960404, 127,-195,841,-2,10,-30
5ed111b6-cd15-4ff1-827c-33dded096276, 29427768, 782,987,228,-50,-16,-22
7255ad4d-91b9-44ae-8fe6-654881d6851f, 11311658, -655,-155,-667,22,-48,33
c396a6d1-7964-4f78-b2aa-f75f9a50341e, 24989864, 724,-781,-56,-27,-15,32
b58f5465-c306-4224-8def-9570ed0f913f, 8566618, 307,-539,-879,-25,13,37
b9cf83a0-c39f-4a39-ad9f-e3ea1881e10b, 24378554, -791,-812,462,-12,-33,-44
1d2f550f-b927-44ee-bef3-196c300742a1, 8469039, 134,-349,350,-1,-27,-29
2501f906-97cb-4361-bdef-6509ea65b212, 70613410, 825,625,412,6,-18,29
118f5446-53b8-4f41-b709-c598ad84b92f, 1905648, -168,827,-411,-41,-50,4
cad1d98a-2fd0-4b6e-91c1-9655f4c4be9a, 47660344, -222,739,-78,-30,-16,15
c7747009-1003-4a52-9043-7159ba79cbfd, 24069802, 713,-80,403,44,-38,-8
649b35f1-bc63-46b4-bfd0-c3f667eae965, 20563238, -830,782,89,27,43,23
a93e6493-757f-4732-85ba-03e3f66bbd0c, 20983487, -65,9,368,43,-43,-41
6b687953-fa23-4f49-9eac-e592dfefef3c, 14629632, 514,87,687,-35,45,-18
1c53f558-2c1f-418c-981b-61d3f017d0d6, 25132075, -11,-342,465,-39,-23,-32
0549db1d-8727-456a-aab0-b59296a93f90, 39063464, 851,76,-969,2,3,10
95fe5140-9075-445e-9f55-650d552c2ddc, 528941, 413,-374,-77,9,28,40
a9b2ea08-737c-4b34-b5b4-c96629f7a08f, 3225064, 644,72,642,39,11,-41
a36e2b1c-b4ae-4c21-9986-b9e7a9250b7e, 1235566, 379,-482,55,6,33,-3
b1304e8b-99e0-49ff-bed0-88ded260854e, 51732295, -400,-697,869,-15,39,-6
526f44e0-2216-418a-9766-7b1e2986a142, 20359684, 618,961,-644,-37,13,11
c8029c12-19fb-46f5-a1fa-9bd87d26a830, 9128418, 897,-908,314,29,11,41
8ab09062-0077-4bcf-9040-19397f63ca66, 90140878, -268,-676,62,6,-33,34
49ece1a3-86be-4502-8a11-f54021cac1e0, 56036788, 79,-571,-471,23,33,7
